2026-06-11 11:10:23.224 DEBUG [http-nio-8080-exec-3] org.hibernate.SQL - 
    select
        sr1_0.id,
        sr1_0.created_at,
        sr1_0.update_at,
        sr1_0.customer_code,
        sr1_0.customer_name,
        sr1_0.material_code,
        sr1_0.material_name,
        sr1_0.quantity,
        sr1_0.unit,
        sr1_0.error_payload,
        sr1_0.message,
        sr1_0.retry_count,
        sr1_0.status,
        sr1_0.order_no,
        sr1_0.requested_at,
        sr1_0.shipment_no,
        sr1_0.warehouse_code 
    from
        shipment_request sr1_0
2026-06-11 11:10:24.004 DEBUG [http-nio-8080-exec-5] org.hibernate.SQL - 
    select
        sr1_0.id,
        sr1_0.created_at,
        sr1_0.update_at,
        sr1_0.customer_code,
        sr1_0.customer_name,
        sr1_0.material_code,
        sr1_0.material_name,
        sr1_0.quantity,
        sr1_0.unit,
        sr1_0.error_payload,
        sr1_0.message,
        sr1_0.retry_count,
        sr1_0.status,
        sr1_0.order_no,
        sr1_0.requested_at,
        sr1_0.shipment_no,
        sr1_0.warehouse_code 
    from
        shipment_request sr1_0
2026-06-11 11:10:24.514 DEBUG [http-nio-8080-exec-7] org.hibernate.SQL - 
    select
        sr1_0.id,
        sr1_0.created_at,
        sr1_0.update_at,
        sr1_0.customer_code,
        sr1_0.customer_name,
        sr1_0.material_code,
        sr1_0.material_name,
        sr1_0.quantity,
        sr1_0.unit,
        sr1_0.error_payload,
        sr1_0.message,
        sr1_0.retry_count,
        sr1_0.status,
        sr1_0.order_no,
        sr1_0.requested_at,
        sr1_0.shipment_no,
        sr1_0.warehouse_code 
    from
        shipment_request sr1_0
2026-06-11 11:10:24.844 DEBUG [http-nio-8080-exec-9] org.hibernate.SQL - 
    select
        sr1_0.id,
        sr1_0.created_at,
        sr1_0.update_at,
        sr1_0.customer_code,
        sr1_0.customer_name,
        sr1_0.material_code,
        sr1_0.material_name,
        sr1_0.quantity,
        sr1_0.unit,
        sr1_0.error_payload,
        sr1_0.message,
        sr1_0.retry_count,
        sr1_0.status,
        sr1_0.order_no,
        sr1_0.requested_at,
        sr1_0.shipment_no,
        sr1_0.warehouse_code 
    from
        shipment_request sr1_0
2026-06-11 11:10:24.999 DEBUG [http-nio-8080-exec-1] org.hibernate.SQL - 
    select
        sr1_0.id,
        sr1_0.created_at,
        sr1_0.update_at,
        sr1_0.customer_code,
        sr1_0.customer_name,
        sr1_0.material_code,
        sr1_0.material_name,
        sr1_0.quantity,
        sr1_0.unit,
        sr1_0.error_payload,
        sr1_0.message,
        sr1_0.retry_count,
        sr1_0.status,
        sr1_0.order_no,
        sr1_0.requested_at,
        sr1_0.shipment_no,
        sr1_0.warehouse_code 
    from
        shipment_request sr1_0
2026-06-11 11:10:27.131 DEBUG [http-nio-8080-exec-3] org.hibernate.SQL - 
    select
        sr1_0.id,
        sr1_0.created_at,
        sr1_0.update_at,
        sr1_0.customer_code,
        sr1_0.customer_name,
        sr1_0.material_code,
        sr1_0.material_name,
        sr1_0.quantity,
        sr1_0.unit,
        sr1_0.error_payload,
        sr1_0.message,
        sr1_0.retry_count,
        sr1_0.status,
        sr1_0.order_no,
        sr1_0.requested_at,
        sr1_0.shipment_no,
        sr1_0.warehouse_code 
    from
        shipment_request sr1_0
2026-06-11 11:10:27.753 DEBUG [http-nio-8080-exec-5] org.hibernate.SQL - 
    select
        sr1_0.id,
        sr1_0.created_at,
        sr1_0.update_at,
        sr1_0.customer_code,
        sr1_0.customer_name,
        sr1_0.material_code,
        sr1_0.material_name,
        sr1_0.quantity,
        sr1_0.unit,
        sr1_0.error_payload,
        sr1_0.message,
        sr1_0.retry_count,
        sr1_0.status,
        sr1_0.order_no,
        sr1_0.requested_at,
        sr1_0.shipment_no,
        sr1_0.warehouse_code 
    from
        shipment_request sr1_0
2026-06-11 11:10:28.235 DEBUG [http-nio-8080-exec-7] org.hibernate.SQL - 
    select
        sr1_0.id,
        sr1_0.created_at,
        sr1_0.update_at,
        sr1_0.customer_code,
        sr1_0.customer_name,
        sr1_0.material_code,
        sr1_0.material_name,
        sr1_0.quantity,
        sr1_0.unit,
        sr1_0.error_payload,
        sr1_0.message,
        sr1_0.retry_count,
        sr1_0.status,
        sr1_0.order_no,
        sr1_0.requested_at,
        sr1_0.shipment_no,
        sr1_0.warehouse_code 
    from
        shipment_request sr1_0
2026-06-11 11:10:31.688 DEBUG [http-nio-8080-exec-3] org.hibernate.SQL - 
    select
        sr1_0.id,
        sr1_0.created_at,
        sr1_0.update_at,
        sr1_0.customer_code,
        sr1_0.customer_name,
        sr1_0.material_code,
        sr1_0.material_name,
        sr1_0.quantity,
        sr1_0.unit,
        sr1_0.error_payload,
        sr1_0.message,
        sr1_0.retry_count,
        sr1_0.status,
        sr1_0.order_no,
        sr1_0.requested_at,
        sr1_0.shipment_no,
        sr1_0.warehouse_code 
    from
        shipment_request sr1_0
2026-06-11 11:10:44.889 DEBUG [http-nio-8080-exec-6] org.hibernate.SQL - 
    select
        sr1_0.id,
        sr1_0.created_at,
        sr1_0.update_at,
        sr1_0.customer_code,
        sr1_0.customer_name,
        sr1_0.material_code,
        sr1_0.material_name,
        sr1_0.quantity,
        sr1_0.unit,
        sr1_0.error_payload,
        sr1_0.message,
        sr1_0.retry_count,
        sr1_0.status,
        sr1_0.order_no,
        sr1_0.requested_at,
        sr1_0.shipment_no,
        sr1_0.warehouse_code 
    from
        shipment_request sr1_0
2026-06-11 11:11:02.551 DEBUG [http-nio-8080-exec-7] org.hibernate.SQL - 
    select
        sr1_0.id 
    from
        shipment_request sr1_0 
    where
        sr1_0.shipment_no=? 
    fetch
        first ? rows only
2026-06-11 11:11:02.570 DEBUG [http-nio-8080-exec-7] org.hibernate.SQL - 
    insert 
    into
        shipment_request
        (created_at, update_at, customer_code, customer_name, material_code, material_name, quantity, unit, error_payload, message, retry_count, status, order_no, requested_at, shipment_no, warehouse_code, id) 
    values
        (?, ?, ?, ?, ?, ?, ?, ?, ?, ?, ?, ?, ?, ?, ?, ?, default)
2026-06-11 11:11:02.628 DEBUG [http-nio-8080-exec-8] org.hibernate.SQL - 
    select
        sr1_0.id 
    from
        shipment_request sr1_0 
    where
        sr1_0.shipment_no=? 
    fetch
        first ? rows only
2026-06-11 11:11:02.629 DEBUG [http-nio-8080-exec-8] org.hibernate.SQL - 
    insert 
    into
        shipment_request
        (created_at, update_at, customer_code, customer_name, material_code, material_name, quantity, unit, error_payload, message, retry_count, status, order_no, requested_at, shipment_no, warehouse_code, id) 
    values
        (?, ?, ?, ?, ?, ?, ?, ?, ?, ?, ?, ?, ?, ?, ?, ?, default)
2026-06-11 11:11:02.633 DEBUG [http-nio-8080-exec-9] org.hibernate.SQL - 
    select
        sr1_0.id,
        sr1_0.created_at,
        sr1_0.update_at,
        sr1_0.customer_code,
        sr1_0.customer_name,
        sr1_0.material_code,
        sr1_0.material_name,
        sr1_0.quantity,
        sr1_0.unit,
        sr1_0.error_payload,
        sr1_0.message,
        sr1_0.retry_count,
        sr1_0.status,
        sr1_0.order_no,
        sr1_0.requested_at,
        sr1_0.shipment_no,
        sr1_0.warehouse_code 
    from
        shipment_request sr1_0
2026-06-11 11:11:02.661 DEBUG [http-nio-8080-exec-10] org.hibernate.SQL - 
    select
        sr1_0.id,
        sr1_0.created_at,
        sr1_0.update_at,
        sr1_0.customer_code,
        sr1_0.customer_name,
        sr1_0.material_code,
        sr1_0.material_name,
        sr1_0.quantity,
        sr1_0.unit,
        sr1_0.error_payload,
        sr1_0.message,
        sr1_0.retry_count,
        sr1_0.status,
        sr1_0.order_no,
        sr1_0.requested_at,
        sr1_0.shipment_no,
        sr1_0.warehouse_code 
    from
        shipment_request sr1_0 
    where
        sr1_0.id=?
2026-06-11 11:11:02.719 DEBUG [http-nio-8080-exec-10] org.hibernate.SQL - 
    update
        shipment_request 
    set
        created_at=?,
        update_at=?,
        customer_code=?,
        customer_name=?,
        material_code=?,
        material_name=?,
        quantity=?,
        unit=?,
        error_payload=?,
        message=?,
        retry_count=?,
        status=?,
        order_no=?,
        requested_at=?,
        shipment_no=?,
        warehouse_code=? 
    where
        id=?
2026-06-11 11:11:02.726 DEBUG [http-nio-8080-exec-1] org.hibernate.SQL - 
    select
        sr1_0.id,
        sr1_0.created_at,
        sr1_0.update_at,
        sr1_0.customer_code,
        sr1_0.customer_name,
        sr1_0.material_code,
        sr1_0.material_name,
        sr1_0.quantity,
        sr1_0.unit,
        sr1_0.error_payload,
        sr1_0.message,
        sr1_0.retry_count,
        sr1_0.status,
        sr1_0.order_no,
        sr1_0.requested_at,
        sr1_0.shipment_no,
        sr1_0.warehouse_code 
    from
        shipment_request sr1_0 
    where
        sr1_0.id=?
2026-06-11 11:11:02.728 DEBUG [http-nio-8080-exec-1] org.hibernate.SQL - 
    update
        shipment_request 
    set
        created_at=?,
        update_at=?,
        customer_code=?,
        customer_name=?,
        material_code=?,
        material_name=?,
        quantity=?,
        unit=?,
        error_payload=?,
        message=?,
        retry_count=?,
        status=?,
        order_no=?,
        requested_at=?,
        shipment_no=?,
        warehouse_code=? 
    where
        id=?
2026-06-11 11:11:02.740 DEBUG [org.springframework.kafka.KafkaListenerEndpointContainer#0-0-C-1] org.hibernate.SQL - 
    select
        sr1_0.id,
        sr1_0.created_at,
        sr1_0.update_at,
        sr1_0.customer_code,
        sr1_0.customer_name,
        sr1_0.material_code,
        sr1_0.material_name,
        sr1_0.quantity,
        sr1_0.unit,
        sr1_0.error_payload,
        sr1_0.message,
        sr1_0.retry_count,
        sr1_0.status,
        sr1_0.order_no,
        sr1_0.requested_at,
        sr1_0.shipment_no,
        sr1_0.warehouse_code 
    from
        shipment_request sr1_0 
    where
        sr1_0.id=?
2026-06-11 11:11:02.741 DEBUG [org.springframework.kafka.KafkaListenerEndpointContainer#0-0-C-1] org.hibernate.SQL - 
    update
        shipment_request 
    set
        created_at=?,
        update_at=?,
        customer_code=?,
        customer_name=?,
        material_code=?,
        material_name=?,
        quantity=?,
        unit=?,
        error_payload=?,
        message=?,
        retry_count=?,
        status=?,
        order_no=?,
        requested_at=?,
        shipment_no=?,
        warehouse_code=? 
    where
        id=?
2026-06-11 11:11:02.747 DEBUG [org.springframework.kafka.KafkaListenerEndpointContainer#0-0-C-1] org.hibernate.SQL - 
    select
        sr1_0.id,
        sr1_0.created_at,
        sr1_0.update_at,
        sr1_0.customer_code,
        sr1_0.customer_name,
        sr1_0.material_code,
        sr1_0.material_name,
        sr1_0.quantity,
        sr1_0.unit,
        sr1_0.error_payload,
        sr1_0.message,
        sr1_0.retry_count,
        sr1_0.status,
        sr1_0.order_no,
        sr1_0.requested_at,
        sr1_0.shipment_no,
        sr1_0.warehouse_code 
    from
        shipment_request sr1_0 
    where
        sr1_0.id=?
2026-06-11 11:11:02.748 DEBUG [org.springframework.kafka.KafkaListenerEndpointContainer#0-0-C-1] org.hibernate.SQL - 
    update
        shipment_request 
    set
        created_at=?,
        update_at=?,
        customer_code=?,
        customer_name=?,
        material_code=?,
        material_name=?,
        quantity=?,
        unit=?,
        error_payload=?,
        message=?,
        retry_count=?,
        status=?,
        order_no=?,
        requested_at=?,
        shipment_no=?,
        warehouse_code=? 
    where
        id=?
2026-06-11 11:11:05.739 DEBUG [http-nio-8080-exec-2] org.hibernate.SQL - 
    select
        sr1_0.id,
        sr1_0.created_at,
        sr1_0.update_at,
        sr1_0.customer_code,
        sr1_0.customer_name,
        sr1_0.material_code,
        sr1_0.material_name,
        sr1_0.quantity,
        sr1_0.unit,
        sr1_0.error_payload,
        sr1_0.message,
        sr1_0.retry_count,
        sr1_0.status,
        sr1_0.order_no,
        sr1_0.requested_at,
        sr1_0.shipment_no,
        sr1_0.warehouse_code 
    from
        shipment_request sr1_0 
    where
        sr1_0.id=?
2026-06-11 11:11:05.745 DEBUG [http-nio-8080-exec-3] org.hibernate.SQL - 
    select
        sr1_0.id,
        sr1_0.created_at,
        sr1_0.update_at,
        sr1_0.customer_code,
        sr1_0.customer_name,
        sr1_0.material_code,
        sr1_0.material_name,
        sr1_0.quantity,
        sr1_0.unit,
        sr1_0.error_payload,
        sr1_0.message,
        sr1_0.retry_count,
        sr1_0.status,
        sr1_0.order_no,
        sr1_0.requested_at,
        sr1_0.shipment_no,
        sr1_0.warehouse_code 
    from
        shipment_request sr1_0 
    where
        sr1_0.id=?
2026-06-11 11:14:39.176 DEBUG [Test worker] org.hibernate.SQL - 
    drop table if exists shipment_request cascade 
2026-06-11 11:14:39.185 DEBUG [Test worker] org.hibernate.SQL - 
    create table shipment_request (
        quantity integer,
        retry_count integer,
        created_at timestamp(6),
        id bigint generated by default as identity,
        requested_at timestamp(6),
        update_at timestamp(6),
        customer_code varchar(255),
        customer_name varchar(255),
        error_payload CLOB,
        material_code varchar(255),
        material_name varchar(255),
        message varchar(255),
        order_no varchar(255),
        shipment_no varchar(255),
        unit varchar(255),
        warehouse_code varchar(255),
        status enum ('FAILED','PROCESSING','RECEIVED','SUCCESS'),
        primary key (id)
    )
2026-06-11 11:14:40.776 DEBUG [Test worker] org.hibernate.SQL - 
    select
        sr1_0.id,
        sr1_0.created_at,
        sr1_0.update_at,
        sr1_0.customer_code,
        sr1_0.customer_name,
        sr1_0.material_code,
        sr1_0.material_name,
        sr1_0.quantity,
        sr1_0.unit,
        sr1_0.error_payload,
        sr1_0.message,
        sr1_0.retry_count,
        sr1_0.status,
        sr1_0.order_no,
        sr1_0.requested_at,
        sr1_0.shipment_no,
        sr1_0.warehouse_code 
    from
        shipment_request sr1_0
2026-06-11 11:14:40.840 DEBUG [Test worker] org.hibernate.SQL - 
    select
        sr1_0.id 
    from
        shipment_request sr1_0 
    where
        sr1_0.shipment_no=? 
    fetch
        first ? rows only
2026-06-11 11:14:40.867 DEBUG [Test worker] org.hibernate.SQL - 
    insert 
    into
        shipment_request
        (created_at, update_at, customer_code, customer_name, material_code, material_name, quantity, unit, error_payload, message, retry_count, status, order_no, requested_at, shipment_no, warehouse_code, id) 
    values
        (?, ?, ?, ?, ?, ?, ?, ?, ?, ?, ?, ?, ?, ?, ?, ?, default)
2026-06-11 11:14:40.894 DEBUG [Test worker] org.hibernate.SQL - 
    select
        sr1_0.id,
        sr1_0.created_at,
        sr1_0.update_at,
        sr1_0.customer_code,
        sr1_0.customer_name,
        sr1_0.material_code,
        sr1_0.material_name,
        sr1_0.quantity,
        sr1_0.unit,
        sr1_0.error_payload,
        sr1_0.message,
        sr1_0.retry_count,
        sr1_0.status,
        sr1_0.order_no,
        sr1_0.requested_at,
        sr1_0.shipment_no,
        sr1_0.warehouse_code 
    from
        shipment_request sr1_0
2026-06-11 11:14:40.964 DEBUG [Test worker] org.hibernate.SQL - 
    select
        sr1_0.id,
        sr1_0.created_at,
        sr1_0.update_at,
        sr1_0.customer_code,
        sr1_0.customer_name,
        sr1_0.material_code,
        sr1_0.material_name,
        sr1_0.quantity,
        sr1_0.unit,
        sr1_0.error_payload,
        sr1_0.message,
        sr1_0.retry_count,
        sr1_0.status,
        sr1_0.order_no,
        sr1_0.requested_at,
        sr1_0.shipment_no,
        sr1_0.warehouse_code 
    from
        shipment_request sr1_0 
    where
        sr1_0.id=?
2026-06-11 11:14:40.987 DEBUG [Test worker] org.hibernate.SQL - 
    update
        shipment_request 
    set
        created_at=?,
        update_at=?,
        customer_code=?,
        customer_name=?,
        material_code=?,
        material_name=?,
        quantity=?,
        unit=?,
        error_payload=?,
        message=?,
        retry_count=?,
        status=?,
        order_no=?,
        requested_at=?,
        shipment_no=?,
        warehouse_code=? 
    where
        id=?
2026-06-11 11:14:41.107 DEBUG [Test worker] org.hibernate.SQL - 
    select
        sr1_0.id,
        sr1_0.created_at,
        sr1_0.update_at,
        sr1_0.customer_code,
        sr1_0.customer_name,
        sr1_0.material_code,
        sr1_0.material_name,
        sr1_0.quantity,
        sr1_0.unit,
        sr1_0.error_payload,
        sr1_0.message,
        sr1_0.retry_count,
        sr1_0.status,
        sr1_0.order_no,
        sr1_0.requested_at,
        sr1_0.shipment_no,
        sr1_0.warehouse_code 
    from
        shipment_request sr1_0
2026-06-11 11:14:41.113 DEBUG [Test worker] org.hibernate.SQL - 
    delete 
    from
        shipment_request 
    where
        id=?
2026-06-11 11:14:41.115 DEBUG [Test worker] org.hibernate.SQL - 
    select
        sr1_0.id 
    from
        shipment_request sr1_0 
    where
        sr1_0.shipment_no=? 
    fetch
        first ? rows only
2026-06-11 11:14:41.116 DEBUG [Test worker] org.hibernate.SQL - 
    insert 
    into
        shipment_request
        (created_at, update_at, customer_code, customer_name, material_code, material_name, quantity, unit, error_payload, message, retry_count, status, order_no, requested_at, shipment_no, warehouse_code, id) 
    values
        (?, ?, ?, ?, ?, ?, ?, ?, ?, ?, ?, ?, ?, ?, ?, ?, default)
2026-06-11 11:14:41.118 DEBUG [Test worker] org.hibernate.SQL - 
    select
        sr1_0.id,
        sr1_0.created_at,
        sr1_0.update_at,
        sr1_0.customer_code,
        sr1_0.customer_name,
        sr1_0.material_code,
        sr1_0.material_name,
        sr1_0.quantity,
        sr1_0.unit,
        sr1_0.error_payload,
        sr1_0.message,
        sr1_0.retry_count,
        sr1_0.status,
        sr1_0.order_no,
        sr1_0.requested_at,
        sr1_0.shipment_no,
        sr1_0.warehouse_code 
    from
        shipment_request sr1_0
2026-06-11 11:14:41.119 DEBUG [Test worker] org.hibernate.SQL - 
    select
        sr1_0.id,
        sr1_0.created_at,
        sr1_0.update_at,
        sr1_0.customer_code,
        sr1_0.customer_name,
        sr1_0.material_code,
        sr1_0.material_name,
        sr1_0.quantity,
        sr1_0.unit,
        sr1_0.error_payload,
        sr1_0.message,
        sr1_0.retry_count,
        sr1_0.status,
        sr1_0.order_no,
        sr1_0.requested_at,
        sr1_0.shipment_no,
        sr1_0.warehouse_code 
    from
        shipment_request sr1_0 
    where
        sr1_0.id=?
2026-06-11 11:14:41.120 DEBUG [Test worker] org.hibernate.SQL - 
    update
        shipment_request 
    set
        created_at=?,
        update_at=?,
        customer_code=?,
        customer_name=?,
        material_code=?,
        material_name=?,
        quantity=?,
        unit=?,
        error_payload=?,
        message=?,
        retry_count=?,
        status=?,
        order_no=?,
        requested_at=?,
        shipment_no=?,
        warehouse_code=? 
    where
        id=?
2026-06-11 11:14:41.128 DEBUG [Test worker] org.hibernate.SQL - 
    select
        sr1_0.id,
        sr1_0.created_at,
        sr1_0.update_at,
        sr1_0.customer_code,
        sr1_0.customer_name,
        sr1_0.material_code,
        sr1_0.material_name,
        sr1_0.quantity,
        sr1_0.unit,
        sr1_0.error_payload,
        sr1_0.message,
        sr1_0.retry_count,
        sr1_0.status,
        sr1_0.order_no,
        sr1_0.requested_at,
        sr1_0.shipment_no,
        sr1_0.warehouse_code 
    from
        shipment_request sr1_0
2026-06-11 11:14:41.129 DEBUG [Test worker] org.hibernate.SQL - 
    delete 
    from
        shipment_request 
    where
        id=?
2026-06-11 11:14:41.130 DEBUG [Test worker] org.hibernate.SQL - 
    select
        sr1_0.id 
    from
        shipment_request sr1_0 
    where
        sr1_0.shipment_no=? 
    fetch
        first ? rows only
2026-06-11 11:14:41.130 DEBUG [Test worker] org.hibernate.SQL - 
    insert 
    into
        shipment_request
        (created_at, update_at, customer_code, customer_name, material_code, material_name, quantity, unit, error_payload, message, retry_count, status, order_no, requested_at, shipment_no, warehouse_code, id) 
    values
        (?, ?, ?, ?, ?, ?, ?, ?, ?, ?, ?, ?, ?, ?, ?, ?, default)
2026-06-11 11:14:41.132 DEBUG [Test worker] org.hibernate.SQL - 
    select
        sr1_0.id,
        sr1_0.created_at,
        sr1_0.update_at,
        sr1_0.customer_code,
        sr1_0.customer_name,
        sr1_0.material_code,
        sr1_0.material_name,
        sr1_0.quantity,
        sr1_0.unit,
        sr1_0.error_payload,
        sr1_0.message,
        sr1_0.retry_count,
        sr1_0.status,
        sr1_0.order_no,
        sr1_0.requested_at,
        sr1_0.shipment_no,
        sr1_0.warehouse_code 
    from
        shipment_request sr1_0
2026-06-11 11:14:41.133 DEBUG [Test worker] org.hibernate.SQL - 
    select
        sr1_0.id,
        sr1_0.created_at,
        sr1_0.update_at,
        sr1_0.customer_code,
        sr1_0.customer_name,
        sr1_0.material_code,
        sr1_0.material_name,
        sr1_0.quantity,
        sr1_0.unit,
        sr1_0.error_payload,
        sr1_0.message,
        sr1_0.retry_count,
        sr1_0.status,
        sr1_0.order_no,
        sr1_0.requested_at,
        sr1_0.shipment_no,
        sr1_0.warehouse_code 
    from
        shipment_request sr1_0 
    where
        sr1_0.id=?
2026-06-11 11:14:41.144 DEBUG [Test worker] org.hibernate.SQL - 
    select
        sr1_0.id,
        sr1_0.created_at,
        sr1_0.update_at,
        sr1_0.customer_code,
        sr1_0.customer_name,
        sr1_0.material_code,
        sr1_0.material_name,
        sr1_0.quantity,
        sr1_0.unit,
        sr1_0.error_payload,
        sr1_0.message,
        sr1_0.retry_count,
        sr1_0.status,
        sr1_0.order_no,
        sr1_0.requested_at,
        sr1_0.shipment_no,
        sr1_0.warehouse_code 
    from
        shipment_request sr1_0
2026-06-11 11:14:41.145 DEBUG [Test worker] org.hibernate.SQL - 
    delete 
    from
        shipment_request 
    where
        id=?
2026-06-11 11:14:41.146 DEBUG [Test worker] org.hibernate.SQL - 
    select
        sr1_0.id 
    from
        shipment_request sr1_0 
    where
        sr1_0.shipment_no=? 
    fetch
        first ? rows only
2026-06-11 11:14:41.147 DEBUG [Test worker] org.hibernate.SQL - 
    insert 
    into
        shipment_request
        (created_at, update_at, customer_code, customer_name, material_code, material_name, quantity, unit, error_payload, message, retry_count, status, order_no, requested_at, shipment_no, warehouse_code, id) 
    values
        (?, ?, ?, ?, ?, ?, ?, ?, ?, ?, ?, ?, ?, ?, ?, ?, default)
2026-06-11 11:14:41.148 DEBUG [Test worker] org.hibernate.SQL - 
    select
        sr1_0.id,
        sr1_0.created_at,
        sr1_0.update_at,
        sr1_0.customer_code,
        sr1_0.customer_name,
        sr1_0.material_code,
        sr1_0.material_name,
        sr1_0.quantity,
        sr1_0.unit,
        sr1_0.error_payload,
        sr1_0.message,
        sr1_0.retry_count,
        sr1_0.status,
        sr1_0.order_no,
        sr1_0.requested_at,
        sr1_0.shipment_no,
        sr1_0.warehouse_code 
    from
        shipment_request sr1_0
2026-06-11 11:14:41.219 DEBUG [Test worker] org.hibernate.SQL - 
    select
        sr1_0.id,
        sr1_0.created_at,
        sr1_0.update_at,
        sr1_0.customer_code,
        sr1_0.customer_name,
        sr1_0.material_code,
        sr1_0.material_name,
        sr1_0.quantity,
        sr1_0.unit,
        sr1_0.error_payload,
        sr1_0.message,
        sr1_0.retry_count,
        sr1_0.status,
        sr1_0.order_no,
        sr1_0.requested_at,
        sr1_0.shipment_no,
        sr1_0.warehouse_code 
    from
        shipment_request sr1_0 
    where
        sr1_0.id=?
2026-06-11 11:14:41.231 DEBUG [Test worker] org.hibernate.SQL - 
    select
        sr1_0.id,
        sr1_0.created_at,
        sr1_0.update_at,
        sr1_0.customer_code,
        sr1_0.customer_name,
        sr1_0.material_code,
        sr1_0.material_name,
        sr1_0.quantity,
        sr1_0.unit,
        sr1_0.error_payload,
        sr1_0.message,
        sr1_0.retry_count,
        sr1_0.status,
        sr1_0.order_no,
        sr1_0.requested_at,
        sr1_0.shipment_no,
        sr1_0.warehouse_code 
    from
        shipment_request sr1_0
2026-06-11 11:14:41.233 DEBUG [Test worker] org.hibernate.SQL - 
    delete 
    from
        shipment_request 
    where
        id=?
2026-06-11 11:14:41.254 DEBUG [Test worker] org.hibernate.SQL - 
    select
        sr1_0.id 
    from
        shipment_request sr1_0 
    where
        sr1_0.shipment_no=? 
    fetch
        first ? rows only
2026-06-11 11:14:41.255 DEBUG [Test worker] org.hibernate.SQL - 
    insert 
    into
        shipment_request
        (created_at, update_at, customer_code, customer_name, material_code, material_name, quantity, unit, error_payload, message, retry_count, status, order_no, requested_at, shipment_no, warehouse_code, id) 
    values
        (?, ?, ?, ?, ?, ?, ?, ?, ?, ?, ?, ?, ?, ?, ?, ?, default)
2026-06-11 11:14:41.265 DEBUG [Test worker] org.hibernate.SQL - 
    select
        sr1_0.id,
        sr1_0.created_at,
        sr1_0.update_at,
        sr1_0.customer_code,
        sr1_0.customer_name,
        sr1_0.material_code,
        sr1_0.material_name,
        sr1_0.quantity,
        sr1_0.unit,
        sr1_0.error_payload,
        sr1_0.message,
        sr1_0.retry_count,
        sr1_0.status,
        sr1_0.order_no,
        sr1_0.requested_at,
        sr1_0.shipment_no,
        sr1_0.warehouse_code 
    from
        shipment_request sr1_0
2026-06-11 11:14:41.266 DEBUG [Test worker] org.hibernate.SQL - 
    delete 
    from
        shipment_request 
    where
        id=?
2026-06-11 11:14:41.282 DEBUG [Test worker] org.hibernate.SQL - 
    select
        sr1_0.id,
        sr1_0.created_at,
        sr1_0.update_at,
        sr1_0.customer_code,
        sr1_0.customer_name,
        sr1_0.material_code,
        sr1_0.material_name,
        sr1_0.quantity,
        sr1_0.unit,
        sr1_0.error_payload,
        sr1_0.message,
        sr1_0.retry_count,
        sr1_0.status,
        sr1_0.order_no,
        sr1_0.requested_at,
        sr1_0.shipment_no,
        sr1_0.warehouse_code 
    from
        shipment_request sr1_0
2026-06-11 11:14:41.284 DEBUG [Test worker] org.hibernate.SQL - 
    select
        sr1_0.id 
    from
        shipment_request sr1_0 
    where
        sr1_0.shipment_no=? 
    fetch
        first ? rows only
2026-06-11 11:14:41.285 DEBUG [Test worker] org.hibernate.SQL - 
    insert 
    into
        shipment_request
        (created_at, update_at, customer_code, customer_name, material_code, material_name, quantity, unit, error_payload, message, retry_count, status, order_no, requested_at, shipment_no, warehouse_code, id) 
    values
        (?, ?, ?, ?, ?, ?, ?, ?, ?, ?, ?, ?, ?, ?, ?, ?, default)
2026-06-11 11:14:41.286 DEBUG [Test worker] org.hibernate.SQL - 
    select
        sr1_0.id,
        sr1_0.created_at,
        sr1_0.update_at,
        sr1_0.customer_code,
        sr1_0.customer_name,
        sr1_0.material_code,
        sr1_0.material_name,
        sr1_0.quantity,
        sr1_0.unit,
        sr1_0.error_payload,
        sr1_0.message,
        sr1_0.retry_count,
        sr1_0.status,
        sr1_0.order_no,
        sr1_0.requested_at,
        sr1_0.shipment_no,
        sr1_0.warehouse_code 
    from
        shipment_request sr1_0
2026-06-11 11:14:41.288 DEBUG [Test worker] org.hibernate.SQL - 
    select
        sr1_0.id,
        sr1_0.created_at,
        sr1_0.update_at,
        sr1_0.customer_code,
        sr1_0.customer_name,
        sr1_0.material_code,
        sr1_0.material_name,
        sr1_0.quantity,
        sr1_0.unit,
        sr1_0.error_payload,
        sr1_0.message,
        sr1_0.retry_count,
        sr1_0.status,
        sr1_0.order_no,
        sr1_0.requested_at,
        sr1_0.shipment_no,
        sr1_0.warehouse_code 
    from
        shipment_request sr1_0
2026-06-11 11:14:41.300 DEBUG [Test worker] org.hibernate.SQL - 
    select
        sr1_0.id,
        sr1_0.created_at,
        sr1_0.update_at,
        sr1_0.customer_code,
        sr1_0.customer_name,
        sr1_0.material_code,
        sr1_0.material_name,
        sr1_0.quantity,
        sr1_0.unit,
        sr1_0.error_payload,
        sr1_0.message,
        sr1_0.retry_count,
        sr1_0.status,
        sr1_0.order_no,
        sr1_0.requested_at,
        sr1_0.shipment_no,
        sr1_0.warehouse_code 
    from
        shipment_request sr1_0
2026-06-11 11:14:41.301 DEBUG [Test worker] org.hibernate.SQL - 
    delete 
    from
        shipment_request 
    where
        id=?
2026-06-11 11:14:41.303 DEBUG [Test worker] org.hibernate.SQL - 
    select
        sr1_0.id 
    from
        shipment_request sr1_0 
    where
        sr1_0.shipment_no=? 
    fetch
        first ? rows only
2026-06-11 11:14:41.303 DEBUG [Test worker] org.hibernate.SQL - 
    insert 
    into
        shipment_request
        (created_at, update_at, customer_code, customer_name, material_code, material_name, quantity, unit, error_payload, message, retry_count, status, order_no, requested_at, shipment_no, warehouse_code, id) 
    values
        (?, ?, ?, ?, ?, ?, ?, ?, ?, ?, ?, ?, ?, ?, ?, ?, default)
2026-06-11 11:14:41.305 DEBUG [Test worker] org.hibernate.SQL - 
    select
        sr1_0.id,
        sr1_0.created_at,
        sr1_0.update_at,
        sr1_0.customer_code,
        sr1_0.customer_name,
        sr1_0.material_code,
        sr1_0.material_name,
        sr1_0.quantity,
        sr1_0.unit,
        sr1_0.error_payload,
        sr1_0.message,
        sr1_0.retry_count,
        sr1_0.status,
        sr1_0.order_no,
        sr1_0.requested_at,
        sr1_0.shipment_no,
        sr1_0.warehouse_code 
    from
        shipment_request sr1_0
2026-06-11 11:14:41.305 DEBUG [Test worker] org.hibernate.SQL - 
    select
        sr1_0.id,
        sr1_0.created_at,
        sr1_0.update_at,
        sr1_0.customer_code,
        sr1_0.customer_name,
        sr1_0.material_code,
        sr1_0.material_name,
        sr1_0.quantity,
        sr1_0.unit,
        sr1_0.error_payload,
        sr1_0.message,
        sr1_0.retry_count,
        sr1_0.status,
        sr1_0.order_no,
        sr1_0.requested_at,
        sr1_0.shipment_no,
        sr1_0.warehouse_code 
    from
        shipment_request sr1_0 
    where
        sr1_0.id=?
2026-06-11 11:14:41.307 DEBUG [Test worker] org.hibernate.SQL - 
    update
        shipment_request 
    set
        created_at=?,
        update_at=?,
        customer_code=?,
        customer_name=?,
        material_code=?,
        material_name=?,
        quantity=?,
        unit=?,
        error_payload=?,
        message=?,
        retry_count=?,
        status=?,
        order_no=?,
        requested_at=?,
        shipment_no=?,
        warehouse_code=? 
    where
        id=?
2026-06-11 11:14:41.308 DEBUG [Test worker] org.hibernate.SQL - 
    select
        sr1_0.id,
        sr1_0.created_at,
        sr1_0.update_at,
        sr1_0.customer_code,
        sr1_0.customer_name,
        sr1_0.material_code,
        sr1_0.material_name,
        sr1_0.quantity,
        sr1_0.unit,
        sr1_0.error_payload,
        sr1_0.message,
        sr1_0.retry_count,
        sr1_0.status,
        sr1_0.order_no,
        sr1_0.requested_at,
        sr1_0.shipment_no,
        sr1_0.warehouse_code 
    from
        shipment_request sr1_0 
    where
        sr1_0.id=?
2026-06-11 11:14:41.775 DEBUG [Test worker] org.hibernate.SQL - 
    drop table if exists shipment_request cascade 
2026-06-11 11:14:41.776 DEBUG [Test worker] org.hibernate.SQL - 
    create table shipment_request (
        quantity integer,
        retry_count integer,
        created_at timestamp(6),
        id bigint generated by default as identity,
        requested_at timestamp(6),
        update_at timestamp(6),
        customer_code varchar(255),
        customer_name varchar(255),
        error_payload CLOB,
        material_code varchar(255),
        material_name varchar(255),
        message varchar(255),
        order_no varchar(255),
        shipment_no varchar(255),
        unit varchar(255),
        warehouse_code varchar(255),
        status enum ('FAILED','PROCESSING','RECEIVED','SUCCESS'),
        primary key (id)
    )
2026-06-11 11:14:41.941 DEBUG [Test worker] org.hibernate.SQL - 
    select
        sr1_0.id,
        sr1_0.created_at,
        sr1_0.update_at,
        sr1_0.customer_code,
        sr1_0.customer_name,
        sr1_0.material_code,
        sr1_0.material_name,
        sr1_0.quantity,
        sr1_0.unit,
        sr1_0.error_payload,
        sr1_0.message,
        sr1_0.retry_count,
        sr1_0.status,
        sr1_0.order_no,
        sr1_0.requested_at,
        sr1_0.shipment_no,
        sr1_0.warehouse_code 
    from
        shipment_request sr1_0
2026-06-11 11:14:41.995 DEBUG [Test worker] org.hibernate.SQL - 
    select
        sr1_0.id,
        sr1_0.created_at,
        sr1_0.update_at,
        sr1_0.customer_code,
        sr1_0.customer_name,
        sr1_0.material_code,
        sr1_0.material_name,
        sr1_0.quantity,
        sr1_0.unit,
        sr1_0.error_payload,
        sr1_0.message,
        sr1_0.retry_count,
        sr1_0.status,
        sr1_0.order_no,
        sr1_0.requested_at,
        sr1_0.shipment_no,
        sr1_0.warehouse_code 
    from
        shipment_request sr1_0 
    where
        sr1_0.id=?
2026-06-11 11:14:42.015 DEBUG [Test worker] org.hibernate.SQL - 
    select
        sr1_0.id,
        sr1_0.created_at,
        sr1_0.update_at,
        sr1_0.customer_code,
        sr1_0.customer_name,
        sr1_0.material_code,
        sr1_0.material_name,
        sr1_0.quantity,
        sr1_0.unit,
        sr1_0.error_payload,
        sr1_0.message,
        sr1_0.retry_count,
        sr1_0.status,
        sr1_0.order_no,
        sr1_0.requested_at,
        sr1_0.shipment_no,
        sr1_0.warehouse_code 
    from
        shipment_request sr1_0
2026-06-11 11:14:42.017 DEBUG [Test worker] org.hibernate.SQL - 
    select
        sr1_0.id 
    from
        shipment_request sr1_0 
    where
        sr1_0.shipment_no=? 
    fetch
        first ? rows only
2026-06-11 11:14:42.019 DEBUG [Test worker] org.hibernate.SQL - 
    insert 
    into
        shipment_request
        (created_at, update_at, customer_code, customer_name, material_code, material_name, quantity, unit, error_payload, message, retry_count, status, order_no, requested_at, shipment_no, warehouse_code, id) 
    values
        (?, ?, ?, ?, ?, ?, ?, ?, ?, ?, ?, ?, ?, ?, ?, ?, default)
2026-06-11 11:14:42.270 DEBUG [Test worker] org.hibernate.SQL - 
    select
        count(*) 
    from
        shipment_request sr1_0
2026-06-11 11:14:42.275 DEBUG [Test worker] org.hibernate.SQL - 
    select
        sr1_0.id,
        sr1_0.created_at,
        sr1_0.update_at,
        sr1_0.customer_code,
        sr1_0.customer_name,
        sr1_0.material_code,
        sr1_0.material_name,
        sr1_0.quantity,
        sr1_0.unit,
        sr1_0.error_payload,
        sr1_0.message,
        sr1_0.retry_count,
        sr1_0.status,
        sr1_0.order_no,
        sr1_0.requested_at,
        sr1_0.shipment_no,
        sr1_0.warehouse_code 
    from
        shipment_request sr1_0
2026-06-11 11:14:42.297 DEBUG [Test worker] org.hibernate.SQL - 
    select
        sr1_0.id,
        sr1_0.created_at,
        sr1_0.update_at,
        sr1_0.customer_code,
        sr1_0.customer_name,
        sr1_0.material_code,
        sr1_0.material_name,
        sr1_0.quantity,
        sr1_0.unit,
        sr1_0.error_payload,
        sr1_0.message,
        sr1_0.retry_count,
        sr1_0.status,
        sr1_0.order_no,
        sr1_0.requested_at,
        sr1_0.shipment_no,
        sr1_0.warehouse_code 
    from
        shipment_request sr1_0
2026-06-11 11:14:42.298 DEBUG [Test worker] org.hibernate.SQL - 
    delete 
    from
        shipment_request 
    where
        id=?
2026-06-11 11:14:42.301 DEBUG [Test worker] org.hibernate.SQL - 
    select
        sr1_0.id 
    from
        shipment_request sr1_0 
    where
        sr1_0.shipment_no=? 
    fetch
        first ? rows only
2026-06-11 11:14:42.301 DEBUG [Test worker] org.hibernate.SQL - 
    insert 
    into
        shipment_request
        (created_at, update_at, customer_code, customer_name, material_code, material_name, quantity, unit, error_payload, message, retry_count, status, order_no, requested_at, shipment_no, warehouse_code, id) 
    values
        (?, ?, ?, ?, ?, ?, ?, ?, ?, ?, ?, ?, ?, ?, ?, ?, default)
2026-06-11 11:14:42.303 DEBUG [Test worker] org.hibernate.SQL - 
    select
        sr1_0.id,
        sr1_0.created_at,
        sr1_0.update_at,
        sr1_0.customer_code,
        sr1_0.customer_name,
        sr1_0.material_code,
        sr1_0.material_name,
        sr1_0.quantity,
        sr1_0.unit,
        sr1_0.error_payload,
        sr1_0.message,
        sr1_0.retry_count,
        sr1_0.status,
        sr1_0.order_no,
        sr1_0.requested_at,
        sr1_0.shipment_no,
        sr1_0.warehouse_code 
    from
        shipment_request sr1_0
2026-06-11 11:14:42.304 DEBUG [Test worker] org.hibernate.SQL - 
    select
        sr1_0.id,
        sr1_0.created_at,
        sr1_0.update_at,
        sr1_0.customer_code,
        sr1_0.customer_name,
        sr1_0.material_code,
        sr1_0.material_name,
        sr1_0.quantity,
        sr1_0.unit,
        sr1_0.error_payload,
        sr1_0.message,
        sr1_0.retry_count,
        sr1_0.status,
        sr1_0.order_no,
        sr1_0.requested_at,
        sr1_0.shipment_no,
        sr1_0.warehouse_code 
    from
        shipment_request sr1_0 
    where
        sr1_0.id=?
2026-06-11 11:14:42.305 DEBUG [Test worker] org.hibernate.SQL - 
    update
        shipment_request 
    set
        created_at=?,
        update_at=?,
        customer_code=?,
        customer_name=?,
        material_code=?,
        material_name=?,
        quantity=?,
        unit=?,
        error_payload=?,
        message=?,
        retry_count=?,
        status=?,
        order_no=?,
        requested_at=?,
        shipment_no=?,
        warehouse_code=? 
    where
        id=?
2026-06-11 11:14:42.310 DEBUG [Test worker] org.hibernate.SQL - 
    select
        sr1_0.id,
        sr1_0.created_at,
        sr1_0.update_at,
        sr1_0.customer_code,
        sr1_0.customer_name,
        sr1_0.material_code,
        sr1_0.material_name,
        sr1_0.quantity,
        sr1_0.unit,
        sr1_0.error_payload,
        sr1_0.message,
        sr1_0.retry_count,
        sr1_0.status,
        sr1_0.order_no,
        sr1_0.requested_at,
        sr1_0.shipment_no,
        sr1_0.warehouse_code 
    from
        shipment_request sr1_0
2026-06-11 11:14:42.313 DEBUG [Test worker] org.hibernate.SQL - 
    delete 
    from
        shipment_request 
    where
        id=?
2026-06-11 11:14:42.315 DEBUG [Test worker] org.hibernate.SQL - 
    select
        sr1_0.id 
    from
        shipment_request sr1_0 
    where
        sr1_0.shipment_no=? 
    fetch
        first ? rows only
2026-06-11 11:14:42.316 DEBUG [Test worker] org.hibernate.SQL - 
    insert 
    into
        shipment_request
        (created_at, update_at, customer_code, customer_name, material_code, material_name, quantity, unit, error_payload, message, retry_count, status, order_no, requested_at, shipment_no, warehouse_code, id) 
    values
        (?, ?, ?, ?, ?, ?, ?, ?, ?, ?, ?, ?, ?, ?, ?, ?, default)
2026-06-11 11:14:42.318 DEBUG [Test worker] org.hibernate.SQL - 
    select
        sr1_0.id,
        sr1_0.created_at,
        sr1_0.update_at,
        sr1_0.customer_code,
        sr1_0.customer_name,
        sr1_0.material_code,
        sr1_0.material_name,
        sr1_0.quantity,
        sr1_0.unit,
        sr1_0.error_payload,
        sr1_0.message,
        sr1_0.retry_count,
        sr1_0.status,
        sr1_0.order_no,
        sr1_0.requested_at,
        sr1_0.shipment_no,
        sr1_0.warehouse_code 
    from
        shipment_request sr1_0
2026-06-11 11:14:42.319 DEBUG [Test worker] org.hibernate.SQL - 
    select
        sr1_0.id,
        sr1_0.created_at,
        sr1_0.update_at,
        sr1_0.customer_code,
        sr1_0.customer_name,
        sr1_0.material_code,
        sr1_0.material_name,
        sr1_0.quantity,
        sr1_0.unit,
        sr1_0.error_payload,
        sr1_0.message,
        sr1_0.retry_count,
        sr1_0.status,
        sr1_0.order_no,
        sr1_0.requested_at,
        sr1_0.shipment_no,
        sr1_0.warehouse_code 
    from
        shipment_request sr1_0 
    where
        sr1_0.id=?
2026-06-11 11:14:42.323 DEBUG [Test worker] org.hibernate.SQL - 
    select
        sr1_0.id,
        sr1_0.created_at,
        sr1_0.update_at,
        sr1_0.customer_code,
        sr1_0.customer_name,
        sr1_0.material_code,
        sr1_0.material_name,
        sr1_0.quantity,
        sr1_0.unit,
        sr1_0.error_payload,
        sr1_0.message,
        sr1_0.retry_count,
        sr1_0.status,
        sr1_0.order_no,
        sr1_0.requested_at,
        sr1_0.shipment_no,
        sr1_0.warehouse_code 
    from
        shipment_request sr1_0
2026-06-11 11:14:42.324 DEBUG [Test worker] org.hibernate.SQL - 
    delete 
    from
        shipment_request 
    where
        id=?
2026-06-11 11:14:42.325 DEBUG [Test worker] org.hibernate.SQL - 
    select
        sr1_0.id 
    from
        shipment_request sr1_0 
    where
        sr1_0.shipment_no=? 
    fetch
        first ? rows only
2026-06-11 11:14:42.326 DEBUG [Test worker] org.hibernate.SQL - 
    insert 
    into
        shipment_request
        (created_at, update_at, customer_code, customer_name, material_code, material_name, quantity, unit, error_payload, message, retry_count, status, order_no, requested_at, shipment_no, warehouse_code, id) 
    values
        (?, ?, ?, ?, ?, ?, ?, ?, ?, ?, ?, ?, ?, ?, ?, ?, default)
2026-06-11 11:14:42.327 DEBUG [Test worker] org.hibernate.SQL - 
    select
        sr1_0.id,
        sr1_0.created_at,
        sr1_0.update_at,
        sr1_0.customer_code,
        sr1_0.customer_name,
        sr1_0.material_code,
        sr1_0.material_name,
        sr1_0.quantity,
        sr1_0.unit,
        sr1_0.error_payload,
        sr1_0.message,
        sr1_0.retry_count,
        sr1_0.status,
        sr1_0.order_no,
        sr1_0.requested_at,
        sr1_0.shipment_no,
        sr1_0.warehouse_code 
    from
        shipment_request sr1_0
2026-06-11 11:14:42.328 DEBUG [Test worker] org.hibernate.SQL - 
    select
        sr1_0.id,
        sr1_0.created_at,
        sr1_0.update_at,
        sr1_0.customer_code,
        sr1_0.customer_name,
        sr1_0.material_code,
        sr1_0.material_name,
        sr1_0.quantity,
        sr1_0.unit,
        sr1_0.error_payload,
        sr1_0.message,
        sr1_0.retry_count,
        sr1_0.status,
        sr1_0.order_no,
        sr1_0.requested_at,
        sr1_0.shipment_no,
        sr1_0.warehouse_code 
    from
        shipment_request sr1_0 
    where
        sr1_0.id=?
2026-06-11 11:14:42.329 DEBUG [Test worker] org.hibernate.SQL - 
    update
        shipment_request 
    set
        created_at=?,
        update_at=?,
        customer_code=?,
        customer_name=?,
        material_code=?,
        material_name=?,
        quantity=?,
        unit=?,
        error_payload=?,
        message=?,
        retry_count=?,
        status=?,
        order_no=?,
        requested_at=?,
        shipment_no=?,
        warehouse_code=? 
    where
        id=?
2026-06-11 11:14:42.334 DEBUG [Test worker] org.hibernate.SQL - 
    select
        sr1_0.id,
        sr1_0.created_at,
        sr1_0.update_at,
        sr1_0.customer_code,
        sr1_0.customer_name,
        sr1_0.material_code,
        sr1_0.material_name,
        sr1_0.quantity,
        sr1_0.unit,
        sr1_0.error_payload,
        sr1_0.message,
        sr1_0.retry_count,
        sr1_0.status,
        sr1_0.order_no,
        sr1_0.requested_at,
        sr1_0.shipment_no,
        sr1_0.warehouse_code 
    from
        shipment_request sr1_0
2026-06-11 11:14:42.335 DEBUG [Test worker] org.hibernate.SQL - 
    delete 
    from
        shipment_request 
    where
        id=?
2026-06-11 11:14:42.336 DEBUG [Test worker] org.hibernate.SQL - 
    select
        sr1_0.id 
    from
        shipment_request sr1_0 
    where
        sr1_0.shipment_no=? 
    fetch
        first ? rows only
2026-06-11 11:14:42.337 DEBUG [Test worker] org.hibernate.SQL - 
    insert 
    into
        shipment_request
        (created_at, update_at, customer_code, customer_name, material_code, material_name, quantity, unit, error_payload, message, retry_count, status, order_no, requested_at, shipment_no, warehouse_code, id) 
    values
        (?, ?, ?, ?, ?, ?, ?, ?, ?, ?, ?, ?, ?, ?, ?, ?, default)
2026-06-11 11:14:42.339 DEBUG [Test worker] org.hibernate.SQL - 
    select
        sr1_0.id,
        sr1_0.created_at,
        sr1_0.update_at,
        sr1_0.customer_code,
        sr1_0.customer_name,
        sr1_0.material_code,
        sr1_0.material_name,
        sr1_0.quantity,
        sr1_0.unit,
        sr1_0.error_payload,
        sr1_0.message,
        sr1_0.retry_count,
        sr1_0.status,
        sr1_0.order_no,
        sr1_0.requested_at,
        sr1_0.shipment_no,
        sr1_0.warehouse_code 
    from
        shipment_request sr1_0
2026-06-11 11:14:42.340 DEBUG [Test worker] org.hibernate.SQL - 
    select
        sr1_0.id,
        sr1_0.created_at,
        sr1_0.update_at,
        sr1_0.customer_code,
        sr1_0.customer_name,
        sr1_0.material_code,
        sr1_0.material_name,
        sr1_0.quantity,
        sr1_0.unit,
        sr1_0.error_payload,
        sr1_0.message,
        sr1_0.retry_count,
        sr1_0.status,
        sr1_0.order_no,
        sr1_0.requested_at,
        sr1_0.shipment_no,
        sr1_0.warehouse_code 
    from
        shipment_request sr1_0 
    where
        sr1_0.id=?
2026-06-11 11:14:42.345 DEBUG [Test worker] org.hibernate.SQL - 
    select
        sr1_0.id,
        sr1_0.created_at,
        sr1_0.update_at,
        sr1_0.customer_code,
        sr1_0.customer_name,
        sr1_0.material_code,
        sr1_0.material_name,
        sr1_0.quantity,
        sr1_0.unit,
        sr1_0.error_payload,
        sr1_0.message,
        sr1_0.retry_count,
        sr1_0.status,
        sr1_0.order_no,
        sr1_0.requested_at,
        sr1_0.shipment_no,
        sr1_0.warehouse_code 
    from
        shipment_request sr1_0
2026-06-11 11:14:42.348 DEBUG [Test worker] org.hibernate.SQL - 
    delete 
    from
        shipment_request 
    where
        id=?
2026-06-11 11:14:42.350 DEBUG [Test worker] org.hibernate.SQL - 
    select
        sr1_0.id 
    from
        shipment_request sr1_0 
    where
        sr1_0.shipment_no=? 
    fetch
        first ? rows only
2026-06-11 11:14:42.351 DEBUG [Test worker] org.hibernate.SQL - 
    insert 
    into
        shipment_request
        (created_at, update_at, customer_code, customer_name, material_code, material_name, quantity, unit, error_payload, message, retry_count, status, order_no, requested_at, shipment_no, warehouse_code, id) 
    values
        (?, ?, ?, ?, ?, ?, ?, ?, ?, ?, ?, ?, ?, ?, ?, ?, default)
2026-06-11 11:14:42.353 DEBUG [Test worker] org.hibernate.SQL - 
    select
        sr1_0.id,
        sr1_0.created_at,
        sr1_0.update_at,
        sr1_0.customer_code,
        sr1_0.customer_name,
        sr1_0.material_code,
        sr1_0.material_name,
        sr1_0.quantity,
        sr1_0.unit,
        sr1_0.error_payload,
        sr1_0.message,
        sr1_0.retry_count,
        sr1_0.status,
        sr1_0.order_no,
        sr1_0.requested_at,
        sr1_0.shipment_no,
        sr1_0.warehouse_code 
    from
        shipment_request sr1_0
2026-06-11 11:14:42.354 DEBUG [Test worker] org.hibernate.SQL - 
    select
        sr1_0.id,
        sr1_0.created_at,
        sr1_0.update_at,
        sr1_0.customer_code,
        sr1_0.customer_name,
        sr1_0.material_code,
        sr1_0.material_name,
        sr1_0.quantity,
        sr1_0.unit,
        sr1_0.error_payload,
        sr1_0.message,
        sr1_0.retry_count,
        sr1_0.status,
        sr1_0.order_no,
        sr1_0.requested_at,
        sr1_0.shipment_no,
        sr1_0.warehouse_code 
    from
        shipment_request sr1_0 
    where
        sr1_0.id=?
2026-06-11 11:14:42.355 DEBUG [Test worker] org.hibernate.SQL - 
    update
        shipment_request 
    set
        created_at=?,
        update_at=?,
        customer_code=?,
        customer_name=?,
        material_code=?,
        material_name=?,
        quantity=?,
        unit=?,
        error_payload=?,
        message=?,
        retry_count=?,
        status=?,
        order_no=?,
        requested_at=?,
        shipment_no=?,
        warehouse_code=? 
    where
        id=?
2026-06-11 11:14:42.356 DEBUG [Test worker] org.hibernate.SQL - 
    select
        sr1_0.id,
        sr1_0.created_at,
        sr1_0.update_at,
        sr1_0.customer_code,
        sr1_0.customer_name,
        sr1_0.material_code,
        sr1_0.material_name,
        sr1_0.quantity,
        sr1_0.unit,
        sr1_0.error_payload,
        sr1_0.message,
        sr1_0.retry_count,
        sr1_0.status,
        sr1_0.order_no,
        sr1_0.requested_at,
        sr1_0.shipment_no,
        sr1_0.warehouse_code 
    from
        shipment_request sr1_0 
    where
        sr1_0.id=?
2026-06-11 11:14:42.357 DEBUG [Test worker] org.hibernate.SQL - 
    update
        shipment_request 
    set
        created_at=?,
        update_at=?,
        customer_code=?,
        customer_name=?,
        material_code=?,
        material_name=?,
        quantity=?,
        unit=?,
        error_payload=?,
        message=?,
        retry_count=?,
        status=?,
        order_no=?,
        requested_at=?,
        shipment_no=?,
        warehouse_code=? 
    where
        id=?
2026-06-11 11:14:42.363 DEBUG [Test worker] org.hibernate.SQL - 
    select
        sr1_0.id,
        sr1_0.created_at,
        sr1_0.update_at,
        sr1_0.customer_code,
        sr1_0.customer_name,
        sr1_0.material_code,
        sr1_0.material_name,
        sr1_0.quantity,
        sr1_0.unit,
        sr1_0.error_payload,
        sr1_0.message,
        sr1_0.retry_count,
        sr1_0.status,
        sr1_0.order_no,
        sr1_0.requested_at,
        sr1_0.shipment_no,
        sr1_0.warehouse_code 
    from
        shipment_request sr1_0
2026-06-11 11:14:42.364 DEBUG [Test worker] org.hibernate.SQL - 
    delete 
    from
        shipment_request 
    where
        id=?
2026-06-11 11:14:42.366 DEBUG [Test worker] org.hibernate.SQL - 
    select
        sr1_0.id 
    from
        shipment_request sr1_0 
    where
        sr1_0.shipment_no=? 
    fetch
        first ? rows only
2026-06-11 11:14:42.367 DEBUG [Test worker] org.hibernate.SQL - 
    insert 
    into
        shipment_request
        (created_at, update_at, customer_code, customer_name, material_code, material_name, quantity, unit, error_payload, message, retry_count, status, order_no, requested_at, shipment_no, warehouse_code, id) 
    values
        (?, ?, ?, ?, ?, ?, ?, ?, ?, ?, ?, ?, ?, ?, ?, ?, default)
2026-06-11 11:14:42.368 DEBUG [Test worker] org.hibernate.SQL - 
    select
        sr1_0.id,
        sr1_0.created_at,
        sr1_0.update_at,
        sr1_0.customer_code,
        sr1_0.customer_name,
        sr1_0.material_code,
        sr1_0.material_name,
        sr1_0.quantity,
        sr1_0.unit,
        sr1_0.error_payload,
        sr1_0.message,
        sr1_0.retry_count,
        sr1_0.status,
        sr1_0.order_no,
        sr1_0.requested_at,
        sr1_0.shipment_no,
        sr1_0.warehouse_code 
    from
        shipment_request sr1_0
2026-06-11 11:14:42.369 DEBUG [Test worker] org.hibernate.SQL - 
    select
        sr1_0.id,
        sr1_0.created_at,
        sr1_0.update_at,
        sr1_0.customer_code,
        sr1_0.customer_name,
        sr1_0.material_code,
        sr1_0.material_name,
        sr1_0.quantity,
        sr1_0.unit,
        sr1_0.error_payload,
        sr1_0.message,
        sr1_0.retry_count,
        sr1_0.status,
        sr1_0.order_no,
        sr1_0.requested_at,
        sr1_0.shipment_no,
        sr1_0.warehouse_code 
    from
        shipment_request sr1_0 
    where
        sr1_0.id=?
2026-06-11 11:14:42.370 DEBUG [Test worker] org.hibernate.SQL - 
    update
        shipment_request 
    set
        created_at=?,
        update_at=?,
        customer_code=?,
        customer_name=?,
        material_code=?,
        material_name=?,
        quantity=?,
        unit=?,
        error_payload=?,
        message=?,
        retry_count=?,
        status=?,
        order_no=?,
        requested_at=?,
        shipment_no=?,
        warehouse_code=? 
    where
        id=?
2026-06-11 11:14:42.371 DEBUG [Test worker] org.hibernate.SQL - 
    select
        sr1_0.id,
        sr1_0.created_at,
        sr1_0.update_at,
        sr1_0.customer_code,
        sr1_0.customer_name,
        sr1_0.material_code,
        sr1_0.material_name,
        sr1_0.quantity,
        sr1_0.unit,
        sr1_0.error_payload,
        sr1_0.message,
        sr1_0.retry_count,
        sr1_0.status,
        sr1_0.order_no,
        sr1_0.requested_at,
        sr1_0.shipment_no,
        sr1_0.warehouse_code 
    from
        shipment_request sr1_0 
    where
        sr1_0.id=?
2026-06-11 11:14:42.372 DEBUG [Test worker] org.hibernate.SQL - 
    update
        shipment_request 
    set
        created_at=?,
        update_at=?,
        customer_code=?,
        customer_name=?,
        material_code=?,
        material_name=?,
        quantity=?,
        unit=?,
        error_payload=?,
        message=?,
        retry_count=?,
        status=?,
        order_no=?,
        requested_at=?,
        shipment_no=?,
        warehouse_code=? 
    where
        id=?
2026-06-11 11:14:42.373 DEBUG [Test worker] org.hibernate.SQL - 
    select
        sr1_0.id,
        sr1_0.created_at,
        sr1_0.update_at,
        sr1_0.customer_code,
        sr1_0.customer_name,
        sr1_0.material_code,
        sr1_0.material_name,
        sr1_0.quantity,
        sr1_0.unit,
        sr1_0.error_payload,
        sr1_0.message,
        sr1_0.retry_count,
        sr1_0.status,
        sr1_0.order_no,
        sr1_0.requested_at,
        sr1_0.shipment_no,
        sr1_0.warehouse_code 
    from
        shipment_request sr1_0 
    where
        sr1_0.id=?
2026-06-11 11:14:42.373 DEBUG [Test worker] org.hibernate.SQL - 
    select
        sr1_0.id,
        sr1_0.created_at,
        sr1_0.update_at,
        sr1_0.customer_code,
        sr1_0.customer_name,
        sr1_0.material_code,
        sr1_0.material_name,
        sr1_0.quantity,
        sr1_0.unit,
        sr1_0.error_payload,
        sr1_0.message,
        sr1_0.retry_count,
        sr1_0.status,
        sr1_0.order_no,
        sr1_0.requested_at,
        sr1_0.shipment_no,
        sr1_0.warehouse_code 
    from
        shipment_request sr1_0 
    where
        sr1_0.id=?
2026-06-11 11:14:42.377 DEBUG [Test worker] org.hibernate.SQL - 
    select
        sr1_0.id,
        sr1_0.created_at,
        sr1_0.update_at,
        sr1_0.customer_code,
        sr1_0.customer_name,
        sr1_0.material_code,
        sr1_0.material_name,
        sr1_0.quantity,
        sr1_0.unit,
        sr1_0.error_payload,
        sr1_0.message,
        sr1_0.retry_count,
        sr1_0.status,
        sr1_0.order_no,
        sr1_0.requested_at,
        sr1_0.shipment_no,
        sr1_0.warehouse_code 
    from
        shipment_request sr1_0
2026-06-11 11:14:42.379 DEBUG [Test worker] org.hibernate.SQL - 
    delete 
    from
        shipment_request 
    where
        id=?
2026-06-11 11:14:42.380 DEBUG [Test worker] org.hibernate.SQL - 
    select
        sr1_0.id 
    from
        shipment_request sr1_0 
    where
        sr1_0.shipment_no=? 
    fetch
        first ? rows only
2026-06-11 11:14:42.381 DEBUG [Test worker] org.hibernate.SQL - 
    insert 
    into
        shipment_request
        (created_at, update_at, customer_code, customer_name, material_code, material_name, quantity, unit, error_payload, message, retry_count, status, order_no, requested_at, shipment_no, warehouse_code, id) 
    values
        (?, ?, ?, ?, ?, ?, ?, ?, ?, ?, ?, ?, ?, ?, ?, ?, default)
2026-06-11 11:14:42.382 DEBUG [Test worker] org.hibernate.SQL - 
    select
        sr1_0.id,
        sr1_0.created_at,
        sr1_0.update_at,
        sr1_0.customer_code,
        sr1_0.customer_name,
        sr1_0.material_code,
        sr1_0.material_name,
        sr1_0.quantity,
        sr1_0.unit,
        sr1_0.error_payload,
        sr1_0.message,
        sr1_0.retry_count,
        sr1_0.status,
        sr1_0.order_no,
        sr1_0.requested_at,
        sr1_0.shipment_no,
        sr1_0.warehouse_code 
    from
        shipment_request sr1_0
2026-06-11 11:14:42.383 DEBUG [Test worker] org.hibernate.SQL - 
    select
        sr1_0.id,
        sr1_0.created_at,
        sr1_0.update_at,
        sr1_0.customer_code,
        sr1_0.customer_name,
        sr1_0.material_code,
        sr1_0.material_name,
        sr1_0.quantity,
        sr1_0.unit,
        sr1_0.error_payload,
        sr1_0.message,
        sr1_0.retry_count,
        sr1_0.status,
        sr1_0.order_no,
        sr1_0.requested_at,
        sr1_0.shipment_no,
        sr1_0.warehouse_code 
    from
        shipment_request sr1_0 
    where
        sr1_0.id=?
2026-06-11 11:14:42.387 DEBUG [Test worker] org.hibernate.SQL - 
    select
        sr1_0.id,
        sr1_0.created_at,
        sr1_0.update_at,
        sr1_0.customer_code,
        sr1_0.customer_name,
        sr1_0.material_code,
        sr1_0.material_name,
        sr1_0.quantity,
        sr1_0.unit,
        sr1_0.error_payload,
        sr1_0.message,
        sr1_0.retry_count,
        sr1_0.status,
        sr1_0.order_no,
        sr1_0.requested_at,
        sr1_0.shipment_no,
        sr1_0.warehouse_code 
    from
        shipment_request sr1_0
2026-06-11 11:14:42.389 DEBUG [Test worker] org.hibernate.SQL - 
    delete 
    from
        shipment_request 
    where
        id=?
2026-06-11 11:14:42.390 DEBUG [Test worker] org.hibernate.SQL - 
    select
        sr1_0.id 
    from
        shipment_request sr1_0 
    where
        sr1_0.shipment_no=? 
    fetch
        first ? rows only
2026-06-11 11:14:42.391 DEBUG [Test worker] org.hibernate.SQL - 
    insert 
    into
        shipment_request
        (created_at, update_at, customer_code, customer_name, material_code, material_name, quantity, unit, error_payload, message, retry_count, status, order_no, requested_at, shipment_no, warehouse_code, id) 
    values
        (?, ?, ?, ?, ?, ?, ?, ?, ?, ?, ?, ?, ?, ?, ?, ?, default)
2026-06-11 11:14:42.394 DEBUG [Test worker] org.hibernate.SQL - 
    select
        sr1_0.id 
    from
        shipment_request sr1_0 
    where
        sr1_0.shipment_no=? 
    fetch
        first ? rows only
2026-06-11 11:14:42.399 DEBUG [Test worker] org.hibernate.SQL - 
    select
        sr1_0.id,
        sr1_0.created_at,
        sr1_0.update_at,
        sr1_0.customer_code,
        sr1_0.customer_name,
        sr1_0.material_code,
        sr1_0.material_name,
        sr1_0.quantity,
        sr1_0.unit,
        sr1_0.error_payload,
        sr1_0.message,
        sr1_0.retry_count,
        sr1_0.status,
        sr1_0.order_no,
        sr1_0.requested_at,
        sr1_0.shipment_no,
        sr1_0.warehouse_code 
    from
        shipment_request sr1_0
2026-06-11 11:14:42.400 DEBUG [Test worker] org.hibernate.SQL - 
    delete 
    from
        shipment_request 
    where
        id=?
2026-06-11 11:14:42.402 DEBUG [Test worker] org.hibernate.SQL - 
    select
        sr1_0.id 
    from
        shipment_request sr1_0 
    where
        sr1_0.shipment_no=? 
    fetch
        first ? rows only
2026-06-11 11:14:42.402 DEBUG [Test worker] org.hibernate.SQL - 
    insert 
    into
        shipment_request
        (created_at, update_at, customer_code, customer_name, material_code, material_name, quantity, unit, error_payload, message, retry_count, status, order_no, requested_at, shipment_no, warehouse_code, id) 
    values
        (?, ?, ?, ?, ?, ?, ?, ?, ?, ?, ?, ?, ?, ?, ?, ?, default)
2026-06-11 11:14:42.404 DEBUG [Test worker] org.hibernate.SQL - 
    select
        sr1_0.id,
        sr1_0.created_at,
        sr1_0.update_at,
        sr1_0.customer_code,
        sr1_0.customer_name,
        sr1_0.material_code,
        sr1_0.material_name,
        sr1_0.quantity,
        sr1_0.unit,
        sr1_0.error_payload,
        sr1_0.message,
        sr1_0.retry_count,
        sr1_0.status,
        sr1_0.order_no,
        sr1_0.requested_at,
        sr1_0.shipment_no,
        sr1_0.warehouse_code 
    from
        shipment_request sr1_0
2026-06-11 11:14:42.405 DEBUG [Test worker] org.hibernate.SQL - 
    select
        sr1_0.id,
        sr1_0.created_at,
        sr1_0.update_at,
        sr1_0.customer_code,
        sr1_0.customer_name,
        sr1_0.material_code,
        sr1_0.material_name,
        sr1_0.quantity,
        sr1_0.unit,
        sr1_0.error_payload,
        sr1_0.message,
        sr1_0.retry_count,
        sr1_0.status,
        sr1_0.order_no,
        sr1_0.requested_at,
        sr1_0.shipment_no,
        sr1_0.warehouse_code 
    from
        shipment_request sr1_0 
    where
        sr1_0.id=?
2026-06-11 11:14:42.406 DEBUG [Test worker] org.hibernate.SQL - 
    update
        shipment_request 
    set
        created_at=?,
        update_at=?,
        customer_code=?,
        customer_name=?,
        material_code=?,
        material_name=?,
        quantity=?,
        unit=?,
        error_payload=?,
        message=?,
        retry_count=?,
        status=?,
        order_no=?,
        requested_at=?,
        shipment_no=?,
        warehouse_code=? 
    where
        id=?
2026-06-11 11:14:42.407 DEBUG [Test worker] org.hibernate.SQL - 
    select
        sr1_0.id,
        sr1_0.created_at,
        sr1_0.update_at,
        sr1_0.customer_code,
        sr1_0.customer_name,
        sr1_0.material_code,
        sr1_0.material_name,
        sr1_0.quantity,
        sr1_0.unit,
        sr1_0.error_payload,
        sr1_0.message,
        sr1_0.retry_count,
        sr1_0.status,
        sr1_0.order_no,
        sr1_0.requested_at,
        sr1_0.shipment_no,
        sr1_0.warehouse_code 
    from
        shipment_request sr1_0 
    where
        sr1_0.id=?
2026-06-11 11:14:42.408 DEBUG [Test worker] org.hibernate.SQL - 
    update
        shipment_request 
    set
        created_at=?,
        update_at=?,
        customer_code=?,
        customer_name=?,
        material_code=?,
        material_name=?,
        quantity=?,
        unit=?,
        error_payload=?,
        message=?,
        retry_count=?,
        status=?,
        order_no=?,
        requested_at=?,
        shipment_no=?,
        warehouse_code=? 
    where
        id=?
2026-06-11 11:14:42.410 DEBUG [Test worker] org.hibernate.SQL - 
    select
        sr1_0.id,
        sr1_0.created_at,
        sr1_0.update_at,
        sr1_0.customer_code,
        sr1_0.customer_name,
        sr1_0.material_code,
        sr1_0.material_name,
        sr1_0.quantity,
        sr1_0.unit,
        sr1_0.error_payload,
        sr1_0.message,
        sr1_0.retry_count,
        sr1_0.status,
        sr1_0.order_no,
        sr1_0.requested_at,
        sr1_0.shipment_no,
        sr1_0.warehouse_code 
    from
        shipment_request sr1_0 
    where
        sr1_0.id=?
2026-06-11 11:14:42.411 DEBUG [Test worker] org.hibernate.SQL - 
    select
        sr1_0.id,
        sr1_0.created_at,
        sr1_0.update_at,
        sr1_0.customer_code,
        sr1_0.customer_name,
        sr1_0.material_code,
        sr1_0.material_name,
        sr1_0.quantity,
        sr1_0.unit,
        sr1_0.error_payload,
        sr1_0.message,
        sr1_0.retry_count,
        sr1_0.status,
        sr1_0.order_no,
        sr1_0.requested_at,
        sr1_0.shipment_no,
        sr1_0.warehouse_code 
    from
        shipment_request sr1_0 
    where
        sr1_0.id=?
2026-06-11 11:14:42.414 DEBUG [Test worker] org.hibernate.SQL - 
    select
        sr1_0.id,
        sr1_0.created_at,
        sr1_0.update_at,
        sr1_0.customer_code,
        sr1_0.customer_name,
        sr1_0.material_code,
        sr1_0.material_name,
        sr1_0.quantity,
        sr1_0.unit,
        sr1_0.error_payload,
        sr1_0.message,
        sr1_0.retry_count,
        sr1_0.status,
        sr1_0.order_no,
        sr1_0.requested_at,
        sr1_0.shipment_no,
        sr1_0.warehouse_code 
    from
        shipment_request sr1_0
2026-06-11 11:14:42.417 DEBUG [Test worker] org.hibernate.SQL - 
    delete 
    from
        shipment_request 
    where
        id=?
2026-06-11 11:14:42.419 DEBUG [Test worker] org.hibernate.SQL - 
    select
        sr1_0.id 
    from
        shipment_request sr1_0 
    where
        sr1_0.shipment_no=? 
    fetch
        first ? rows only
2026-06-11 11:14:42.419 DEBUG [Test worker] org.hibernate.SQL - 
    insert 
    into
        shipment_request
        (created_at, update_at, customer_code, customer_name, material_code, material_name, quantity, unit, error_payload, message, retry_count, status, order_no, requested_at, shipment_no, warehouse_code, id) 
    values
        (?, ?, ?, ?, ?, ?, ?, ?, ?, ?, ?, ?, ?, ?, ?, ?, default)
2026-06-11 11:14:42.420 DEBUG [Test worker] org.hibernate.SQL - 
    select
        sr1_0.id,
        sr1_0.created_at,
        sr1_0.update_at,
        sr1_0.customer_code,
        sr1_0.customer_name,
        sr1_0.material_code,
        sr1_0.material_name,
        sr1_0.quantity,
        sr1_0.unit,
        sr1_0.error_payload,
        sr1_0.message,
        sr1_0.retry_count,
        sr1_0.status,
        sr1_0.order_no,
        sr1_0.requested_at,
        sr1_0.shipment_no,
        sr1_0.warehouse_code 
    from
        shipment_request sr1_0
2026-06-11 11:14:42.421 DEBUG [Test worker] org.hibernate.SQL - 
    select
        sr1_0.id,
        sr1_0.created_at,
        sr1_0.update_at,
        sr1_0.customer_code,
        sr1_0.customer_name,
        sr1_0.material_code,
        sr1_0.material_name,
        sr1_0.quantity,
        sr1_0.unit,
        sr1_0.error_payload,
        sr1_0.message,
        sr1_0.retry_count,
        sr1_0.status,
        sr1_0.order_no,
        sr1_0.requested_at,
        sr1_0.shipment_no,
        sr1_0.warehouse_code 
    from
        shipment_request sr1_0 
    where
        sr1_0.id=?
2026-06-11 11:14:42.422 DEBUG [Test worker] org.hibernate.SQL - 
    update
        shipment_request 
    set
        created_at=?,
        update_at=?,
        customer_code=?,
        customer_name=?,
        material_code=?,
        material_name=?,
        quantity=?,
        unit=?,
        error_payload=?,
        message=?,
        retry_count=?,
        status=?,
        order_no=?,
        requested_at=?,
        shipment_no=?,
        warehouse_code=? 
    where
        id=?
2026-06-11 11:14:42.423 DEBUG [Test worker] org.hibernate.SQL - 
    select
        sr1_0.id,
        sr1_0.created_at,
        sr1_0.update_at,
        sr1_0.customer_code,
        sr1_0.customer_name,
        sr1_0.material_code,
        sr1_0.material_name,
        sr1_0.quantity,
        sr1_0.unit,
        sr1_0.error_payload,
        sr1_0.message,
        sr1_0.retry_count,
        sr1_0.status,
        sr1_0.order_no,
        sr1_0.requested_at,
        sr1_0.shipment_no,
        sr1_0.warehouse_code 
    from
        shipment_request sr1_0 
    where
        sr1_0.id=?
2026-06-11 11:14:42.434 DEBUG [SpringApplicationShutdownHook] org.hibernate.SQL - 
    drop table if exists shipment_request cascade 
2026-06-11 11:14:42.441 DEBUG [SpringApplicationShutdownHook] org.hibernate.SQL - 
    drop table if exists shipment_request cascade 
2026-06-11 14:45:29.558 DEBUG [Test worker] org.hibernate.SQL - 
    drop table if exists shipment_request cascade 
2026-06-11 14:45:29.567 DEBUG [Test worker] org.hibernate.SQL - 
    create table shipment_request (
        quantity integer,
        retry_count integer,
        created_at timestamp(6),
        id bigint generated by default as identity,
        requested_at timestamp(6),
        update_at timestamp(6),
        customer_code varchar(255),
        customer_name varchar(255),
        error_payload CLOB,
        material_code varchar(255),
        material_name varchar(255),
        message varchar(255),
        order_no varchar(255),
        shipment_no varchar(255),
        unit varchar(255),
        warehouse_code varchar(255),
        status enum ('FAILED','PROCESSING','RECEIVED','SUCCESS'),
        primary key (id)
    )
2026-06-11 14:45:31.172 DEBUG [Test worker] org.hibernate.SQL - 
    select
        sr1_0.id,
        sr1_0.created_at,
        sr1_0.update_at,
        sr1_0.customer_code,
        sr1_0.customer_name,
        sr1_0.material_code,
        sr1_0.material_name,
        sr1_0.quantity,
        sr1_0.unit,
        sr1_0.error_payload,
        sr1_0.message,
        sr1_0.retry_count,
        sr1_0.status,
        sr1_0.order_no,
        sr1_0.requested_at,
        sr1_0.shipment_no,
        sr1_0.warehouse_code 
    from
        shipment_request sr1_0
2026-06-11 14:45:31.243 DEBUG [Test worker] org.hibernate.SQL - 
    select
        sr1_0.id 
    from
        shipment_request sr1_0 
    where
        sr1_0.shipment_no=? 
    fetch
        first ? rows only
2026-06-11 14:45:31.271 DEBUG [Test worker] org.hibernate.SQL - 
    insert 
    into
        shipment_request
        (created_at, update_at, customer_code, customer_name, material_code, material_name, quantity, unit, error_payload, message, retry_count, status, order_no, requested_at, shipment_no, warehouse_code, id) 
    values
        (?, ?, ?, ?, ?, ?, ?, ?, ?, ?, ?, ?, ?, ?, ?, ?, default)
2026-06-11 14:45:31.296 DEBUG [Test worker] org.hibernate.SQL - 
    select
        sr1_0.id,
        sr1_0.created_at,
        sr1_0.update_at,
        sr1_0.customer_code,
        sr1_0.customer_name,
        sr1_0.material_code,
        sr1_0.material_name,
        sr1_0.quantity,
        sr1_0.unit,
        sr1_0.error_payload,
        sr1_0.message,
        sr1_0.retry_count,
        sr1_0.status,
        sr1_0.order_no,
        sr1_0.requested_at,
        sr1_0.shipment_no,
        sr1_0.warehouse_code 
    from
        shipment_request sr1_0
2026-06-11 14:45:31.365 DEBUG [Test worker] org.hibernate.SQL - 
    select
        sr1_0.id,
        sr1_0.created_at,
        sr1_0.update_at,
        sr1_0.customer_code,
        sr1_0.customer_name,
        sr1_0.material_code,
        sr1_0.material_name,
        sr1_0.quantity,
        sr1_0.unit,
        sr1_0.error_payload,
        sr1_0.message,
        sr1_0.retry_count,
        sr1_0.status,
        sr1_0.order_no,
        sr1_0.requested_at,
        sr1_0.shipment_no,
        sr1_0.warehouse_code 
    from
        shipment_request sr1_0 
    where
        sr1_0.id=?
2026-06-11 14:45:31.386 DEBUG [Test worker] org.hibernate.SQL - 
    update
        shipment_request 
    set
        created_at=?,
        update_at=?,
        customer_code=?,
        customer_name=?,
        material_code=?,
        material_name=?,
        quantity=?,
        unit=?,
        error_payload=?,
        message=?,
        retry_count=?,
        status=?,
        order_no=?,
        requested_at=?,
        shipment_no=?,
        warehouse_code=? 
    where
        id=?
2026-06-11 14:45:31.505 DEBUG [Test worker] org.hibernate.SQL - 
    select
        sr1_0.id,
        sr1_0.created_at,
        sr1_0.update_at,
        sr1_0.customer_code,
        sr1_0.customer_name,
        sr1_0.material_code,
        sr1_0.material_name,
        sr1_0.quantity,
        sr1_0.unit,
        sr1_0.error_payload,
        sr1_0.message,
        sr1_0.retry_count,
        sr1_0.status,
        sr1_0.order_no,
        sr1_0.requested_at,
        sr1_0.shipment_no,
        sr1_0.warehouse_code 
    from
        shipment_request sr1_0
2026-06-11 14:45:31.511 DEBUG [Test worker] org.hibernate.SQL - 
    delete 
    from
        shipment_request 
    where
        id=?
2026-06-11 14:45:31.513 DEBUG [Test worker] org.hibernate.SQL - 
    select
        sr1_0.id 
    from
        shipment_request sr1_0 
    where
        sr1_0.shipment_no=? 
    fetch
        first ? rows only
2026-06-11 14:45:31.514 DEBUG [Test worker] org.hibernate.SQL - 
    insert 
    into
        shipment_request
        (created_at, update_at, customer_code, customer_name, material_code, material_name, quantity, unit, error_payload, message, retry_count, status, order_no, requested_at, shipment_no, warehouse_code, id) 
    values
        (?, ?, ?, ?, ?, ?, ?, ?, ?, ?, ?, ?, ?, ?, ?, ?, default)
2026-06-11 14:45:31.515 DEBUG [Test worker] org.hibernate.SQL - 
    select
        sr1_0.id,
        sr1_0.created_at,
        sr1_0.update_at,
        sr1_0.customer_code,
        sr1_0.customer_name,
        sr1_0.material_code,
        sr1_0.material_name,
        sr1_0.quantity,
        sr1_0.unit,
        sr1_0.error_payload,
        sr1_0.message,
        sr1_0.retry_count,
        sr1_0.status,
        sr1_0.order_no,
        sr1_0.requested_at,
        sr1_0.shipment_no,
        sr1_0.warehouse_code 
    from
        shipment_request sr1_0
2026-06-11 14:45:31.516 DEBUG [Test worker] org.hibernate.SQL - 
    select
        sr1_0.id,
        sr1_0.created_at,
        sr1_0.update_at,
        sr1_0.customer_code,
        sr1_0.customer_name,
        sr1_0.material_code,
        sr1_0.material_name,
        sr1_0.quantity,
        sr1_0.unit,
        sr1_0.error_payload,
        sr1_0.message,
        sr1_0.retry_count,
        sr1_0.status,
        sr1_0.order_no,
        sr1_0.requested_at,
        sr1_0.shipment_no,
        sr1_0.warehouse_code 
    from
        shipment_request sr1_0 
    where
        sr1_0.id=?
2026-06-11 14:45:31.519 DEBUG [Test worker] org.hibernate.SQL - 
    update
        shipment_request 
    set
        created_at=?,
        update_at=?,
        customer_code=?,
        customer_name=?,
        material_code=?,
        material_name=?,
        quantity=?,
        unit=?,
        error_payload=?,
        message=?,
        retry_count=?,
        status=?,
        order_no=?,
        requested_at=?,
        shipment_no=?,
        warehouse_code=? 
    where
        id=?
2026-06-11 14:45:31.525 DEBUG [Test worker] org.hibernate.SQL - 
    select
        sr1_0.id,
        sr1_0.created_at,
        sr1_0.update_at,
        sr1_0.customer_code,
        sr1_0.customer_name,
        sr1_0.material_code,
        sr1_0.material_name,
        sr1_0.quantity,
        sr1_0.unit,
        sr1_0.error_payload,
        sr1_0.message,
        sr1_0.retry_count,
        sr1_0.status,
        sr1_0.order_no,
        sr1_0.requested_at,
        sr1_0.shipment_no,
        sr1_0.warehouse_code 
    from
        shipment_request sr1_0
2026-06-11 14:45:31.526 DEBUG [Test worker] org.hibernate.SQL - 
    delete 
    from
        shipment_request 
    where
        id=?
2026-06-11 14:45:31.527 DEBUG [Test worker] org.hibernate.SQL - 
    select
        sr1_0.id 
    from
        shipment_request sr1_0 
    where
        sr1_0.shipment_no=? 
    fetch
        first ? rows only
2026-06-11 14:45:31.528 DEBUG [Test worker] org.hibernate.SQL - 
    insert 
    into
        shipment_request
        (created_at, update_at, customer_code, customer_name, material_code, material_name, quantity, unit, error_payload, message, retry_count, status, order_no, requested_at, shipment_no, warehouse_code, id) 
    values
        (?, ?, ?, ?, ?, ?, ?, ?, ?, ?, ?, ?, ?, ?, ?, ?, default)
2026-06-11 14:45:31.529 DEBUG [Test worker] org.hibernate.SQL - 
    select
        sr1_0.id,
        sr1_0.created_at,
        sr1_0.update_at,
        sr1_0.customer_code,
        sr1_0.customer_name,
        sr1_0.material_code,
        sr1_0.material_name,
        sr1_0.quantity,
        sr1_0.unit,
        sr1_0.error_payload,
        sr1_0.message,
        sr1_0.retry_count,
        sr1_0.status,
        sr1_0.order_no,
        sr1_0.requested_at,
        sr1_0.shipment_no,
        sr1_0.warehouse_code 
    from
        shipment_request sr1_0
2026-06-11 14:45:31.531 DEBUG [Test worker] org.hibernate.SQL - 
    select
        sr1_0.id,
        sr1_0.created_at,
        sr1_0.update_at,
        sr1_0.customer_code,
        sr1_0.customer_name,
        sr1_0.material_code,
        sr1_0.material_name,
        sr1_0.quantity,
        sr1_0.unit,
        sr1_0.error_payload,
        sr1_0.message,
        sr1_0.retry_count,
        sr1_0.status,
        sr1_0.order_no,
        sr1_0.requested_at,
        sr1_0.shipment_no,
        sr1_0.warehouse_code 
    from
        shipment_request sr1_0 
    where
        sr1_0.id=?
2026-06-11 14:45:31.542 DEBUG [Test worker] org.hibernate.SQL - 
    select
        sr1_0.id,
        sr1_0.created_at,
        sr1_0.update_at,
        sr1_0.customer_code,
        sr1_0.customer_name,
        sr1_0.material_code,
        sr1_0.material_name,
        sr1_0.quantity,
        sr1_0.unit,
        sr1_0.error_payload,
        sr1_0.message,
        sr1_0.retry_count,
        sr1_0.status,
        sr1_0.order_no,
        sr1_0.requested_at,
        sr1_0.shipment_no,
        sr1_0.warehouse_code 
    from
        shipment_request sr1_0
2026-06-11 14:45:31.544 DEBUG [Test worker] org.hibernate.SQL - 
    delete 
    from
        shipment_request 
    where
        id=?
2026-06-11 14:45:31.545 DEBUG [Test worker] org.hibernate.SQL - 
    select
        sr1_0.id 
    from
        shipment_request sr1_0 
    where
        sr1_0.shipment_no=? 
    fetch
        first ? rows only
2026-06-11 14:45:31.545 DEBUG [Test worker] org.hibernate.SQL - 
    insert 
    into
        shipment_request
        (created_at, update_at, customer_code, customer_name, material_code, material_name, quantity, unit, error_payload, message, retry_count, status, order_no, requested_at, shipment_no, warehouse_code, id) 
    values
        (?, ?, ?, ?, ?, ?, ?, ?, ?, ?, ?, ?, ?, ?, ?, ?, default)
2026-06-11 14:45:31.547 DEBUG [Test worker] org.hibernate.SQL - 
    select
        sr1_0.id,
        sr1_0.created_at,
        sr1_0.update_at,
        sr1_0.customer_code,
        sr1_0.customer_name,
        sr1_0.material_code,
        sr1_0.material_name,
        sr1_0.quantity,
        sr1_0.unit,
        sr1_0.error_payload,
        sr1_0.message,
        sr1_0.retry_count,
        sr1_0.status,
        sr1_0.order_no,
        sr1_0.requested_at,
        sr1_0.shipment_no,
        sr1_0.warehouse_code 
    from
        shipment_request sr1_0
2026-06-11 14:45:31.619 DEBUG [Test worker] org.hibernate.SQL - 
    select
        sr1_0.id,
        sr1_0.created_at,
        sr1_0.update_at,
        sr1_0.customer_code,
        sr1_0.customer_name,
        sr1_0.material_code,
        sr1_0.material_name,
        sr1_0.quantity,
        sr1_0.unit,
        sr1_0.error_payload,
        sr1_0.message,
        sr1_0.retry_count,
        sr1_0.status,
        sr1_0.order_no,
        sr1_0.requested_at,
        sr1_0.shipment_no,
        sr1_0.warehouse_code 
    from
        shipment_request sr1_0 
    where
        sr1_0.id=?
2026-06-11 14:45:31.628 DEBUG [Test worker] org.hibernate.SQL - 
    select
        sr1_0.id,
        sr1_0.created_at,
        sr1_0.update_at,
        sr1_0.customer_code,
        sr1_0.customer_name,
        sr1_0.material_code,
        sr1_0.material_name,
        sr1_0.quantity,
        sr1_0.unit,
        sr1_0.error_payload,
        sr1_0.message,
        sr1_0.retry_count,
        sr1_0.status,
        sr1_0.order_no,
        sr1_0.requested_at,
        sr1_0.shipment_no,
        sr1_0.warehouse_code 
    from
        shipment_request sr1_0
2026-06-11 14:45:31.629 DEBUG [Test worker] org.hibernate.SQL - 
    delete 
    from
        shipment_request 
    where
        id=?
2026-06-11 14:45:31.643 DEBUG [Test worker] org.hibernate.SQL - 
    select
        sr1_0.id 
    from
        shipment_request sr1_0 
    where
        sr1_0.shipment_no=? 
    fetch
        first ? rows only
2026-06-11 14:45:31.644 DEBUG [Test worker] org.hibernate.SQL - 
    insert 
    into
        shipment_request
        (created_at, update_at, customer_code, customer_name, material_code, material_name, quantity, unit, error_payload, message, retry_count, status, order_no, requested_at, shipment_no, warehouse_code, id) 
    values
        (?, ?, ?, ?, ?, ?, ?, ?, ?, ?, ?, ?, ?, ?, ?, ?, default)
2026-06-11 14:45:31.653 DEBUG [Test worker] org.hibernate.SQL - 
    select
        sr1_0.id,
        sr1_0.created_at,
        sr1_0.update_at,
        sr1_0.customer_code,
        sr1_0.customer_name,
        sr1_0.material_code,
        sr1_0.material_name,
        sr1_0.quantity,
        sr1_0.unit,
        sr1_0.error_payload,
        sr1_0.message,
        sr1_0.retry_count,
        sr1_0.status,
        sr1_0.order_no,
        sr1_0.requested_at,
        sr1_0.shipment_no,
        sr1_0.warehouse_code 
    from
        shipment_request sr1_0
2026-06-11 14:45:31.654 DEBUG [Test worker] org.hibernate.SQL - 
    delete 
    from
        shipment_request 
    where
        id=?
2026-06-11 14:45:31.666 DEBUG [Test worker] org.hibernate.SQL - 
    select
        sr1_0.id,
        sr1_0.created_at,
        sr1_0.update_at,
        sr1_0.customer_code,
        sr1_0.customer_name,
        sr1_0.material_code,
        sr1_0.material_name,
        sr1_0.quantity,
        sr1_0.unit,
        sr1_0.error_payload,
        sr1_0.message,
        sr1_0.retry_count,
        sr1_0.status,
        sr1_0.order_no,
        sr1_0.requested_at,
        sr1_0.shipment_no,
        sr1_0.warehouse_code 
    from
        shipment_request sr1_0
2026-06-11 14:45:31.668 DEBUG [Test worker] org.hibernate.SQL - 
    select
        sr1_0.id 
    from
        shipment_request sr1_0 
    where
        sr1_0.shipment_no=? 
    fetch
        first ? rows only
2026-06-11 14:45:31.669 DEBUG [Test worker] org.hibernate.SQL - 
    insert 
    into
        shipment_request
        (created_at, update_at, customer_code, customer_name, material_code, material_name, quantity, unit, error_payload, message, retry_count, status, order_no, requested_at, shipment_no, warehouse_code, id) 
    values
        (?, ?, ?, ?, ?, ?, ?, ?, ?, ?, ?, ?, ?, ?, ?, ?, default)
2026-06-11 14:45:31.670 DEBUG [Test worker] org.hibernate.SQL - 
    select
        sr1_0.id,
        sr1_0.created_at,
        sr1_0.update_at,
        sr1_0.customer_code,
        sr1_0.customer_name,
        sr1_0.material_code,
        sr1_0.material_name,
        sr1_0.quantity,
        sr1_0.unit,
        sr1_0.error_payload,
        sr1_0.message,
        sr1_0.retry_count,
        sr1_0.status,
        sr1_0.order_no,
        sr1_0.requested_at,
        sr1_0.shipment_no,
        sr1_0.warehouse_code 
    from
        shipment_request sr1_0
2026-06-11 14:45:31.672 DEBUG [Test worker] org.hibernate.SQL - 
    select
        sr1_0.id,
        sr1_0.created_at,
        sr1_0.update_at,
        sr1_0.customer_code,
        sr1_0.customer_name,
        sr1_0.material_code,
        sr1_0.material_name,
        sr1_0.quantity,
        sr1_0.unit,
        sr1_0.error_payload,
        sr1_0.message,
        sr1_0.retry_count,
        sr1_0.status,
        sr1_0.order_no,
        sr1_0.requested_at,
        sr1_0.shipment_no,
        sr1_0.warehouse_code 
    from
        shipment_request sr1_0
2026-06-11 14:45:31.685 DEBUG [Test worker] org.hibernate.SQL - 
    select
        sr1_0.id,
        sr1_0.created_at,
        sr1_0.update_at,
        sr1_0.customer_code,
        sr1_0.customer_name,
        sr1_0.material_code,
        sr1_0.material_name,
        sr1_0.quantity,
        sr1_0.unit,
        sr1_0.error_payload,
        sr1_0.message,
        sr1_0.retry_count,
        sr1_0.status,
        sr1_0.order_no,
        sr1_0.requested_at,
        sr1_0.shipment_no,
        sr1_0.warehouse_code 
    from
        shipment_request sr1_0
2026-06-11 14:45:31.686 DEBUG [Test worker] org.hibernate.SQL - 
    delete 
    from
        shipment_request 
    where
        id=?
2026-06-11 14:45:31.688 DEBUG [Test worker] org.hibernate.SQL - 
    select
        sr1_0.id 
    from
        shipment_request sr1_0 
    where
        sr1_0.shipment_no=? 
    fetch
        first ? rows only
2026-06-11 14:45:31.688 DEBUG [Test worker] org.hibernate.SQL - 
    insert 
    into
        shipment_request
        (created_at, update_at, customer_code, customer_name, material_code, material_name, quantity, unit, error_payload, message, retry_count, status, order_no, requested_at, shipment_no, warehouse_code, id) 
    values
        (?, ?, ?, ?, ?, ?, ?, ?, ?, ?, ?, ?, ?, ?, ?, ?, default)
2026-06-11 14:45:31.689 DEBUG [Test worker] org.hibernate.SQL - 
    select
        sr1_0.id,
        sr1_0.created_at,
        sr1_0.update_at,
        sr1_0.customer_code,
        sr1_0.customer_name,
        sr1_0.material_code,
        sr1_0.material_name,
        sr1_0.quantity,
        sr1_0.unit,
        sr1_0.error_payload,
        sr1_0.message,
        sr1_0.retry_count,
        sr1_0.status,
        sr1_0.order_no,
        sr1_0.requested_at,
        sr1_0.shipment_no,
        sr1_0.warehouse_code 
    from
        shipment_request sr1_0
2026-06-11 14:45:31.690 DEBUG [Test worker] org.hibernate.SQL - 
    select
        sr1_0.id,
        sr1_0.created_at,
        sr1_0.update_at,
        sr1_0.customer_code,
        sr1_0.customer_name,
        sr1_0.material_code,
        sr1_0.material_name,
        sr1_0.quantity,
        sr1_0.unit,
        sr1_0.error_payload,
        sr1_0.message,
        sr1_0.retry_count,
        sr1_0.status,
        sr1_0.order_no,
        sr1_0.requested_at,
        sr1_0.shipment_no,
        sr1_0.warehouse_code 
    from
        shipment_request sr1_0 
    where
        sr1_0.id=?
2026-06-11 14:45:31.692 DEBUG [Test worker] org.hibernate.SQL - 
    update
        shipment_request 
    set
        created_at=?,
        update_at=?,
        customer_code=?,
        customer_name=?,
        material_code=?,
        material_name=?,
        quantity=?,
        unit=?,
        error_payload=?,
        message=?,
        retry_count=?,
        status=?,
        order_no=?,
        requested_at=?,
        shipment_no=?,
        warehouse_code=? 
    where
        id=?
2026-06-11 14:45:31.694 DEBUG [Test worker] org.hibernate.SQL - 
    select
        sr1_0.id,
        sr1_0.created_at,
        sr1_0.update_at,
        sr1_0.customer_code,
        sr1_0.customer_name,
        sr1_0.material_code,
        sr1_0.material_name,
        sr1_0.quantity,
        sr1_0.unit,
        sr1_0.error_payload,
        sr1_0.message,
        sr1_0.retry_count,
        sr1_0.status,
        sr1_0.order_no,
        sr1_0.requested_at,
        sr1_0.shipment_no,
        sr1_0.warehouse_code 
    from
        shipment_request sr1_0 
    where
        sr1_0.id=?
2026-06-11 14:45:32.194 DEBUG [Test worker] org.hibernate.SQL - 
    drop table if exists shipment_request cascade 
2026-06-11 14:45:32.196 DEBUG [Test worker] org.hibernate.SQL - 
    create table shipment_request (
        quantity integer,
        retry_count integer,
        created_at timestamp(6),
        id bigint generated by default as identity,
        requested_at timestamp(6),
        update_at timestamp(6),
        customer_code varchar(255),
        customer_name varchar(255),
        error_payload CLOB,
        material_code varchar(255),
        material_name varchar(255),
        message varchar(255),
        order_no varchar(255),
        shipment_no varchar(255),
        unit varchar(255),
        warehouse_code varchar(255),
        status enum ('FAILED','PROCESSING','RECEIVED','SUCCESS'),
        primary key (id)
    )
2026-06-11 14:45:32.372 DEBUG [Test worker] org.hibernate.SQL - 
    select
        sr1_0.id,
        sr1_0.created_at,
        sr1_0.update_at,
        sr1_0.customer_code,
        sr1_0.customer_name,
        sr1_0.material_code,
        sr1_0.material_name,
        sr1_0.quantity,
        sr1_0.unit,
        sr1_0.error_payload,
        sr1_0.message,
        sr1_0.retry_count,
        sr1_0.status,
        sr1_0.order_no,
        sr1_0.requested_at,
        sr1_0.shipment_no,
        sr1_0.warehouse_code 
    from
        shipment_request sr1_0
2026-06-11 14:45:32.422 DEBUG [Test worker] org.hibernate.SQL - 
    select
        sr1_0.id,
        sr1_0.created_at,
        sr1_0.update_at,
        sr1_0.customer_code,
        sr1_0.customer_name,
        sr1_0.material_code,
        sr1_0.material_name,
        sr1_0.quantity,
        sr1_0.unit,
        sr1_0.error_payload,
        sr1_0.message,
        sr1_0.retry_count,
        sr1_0.status,
        sr1_0.order_no,
        sr1_0.requested_at,
        sr1_0.shipment_no,
        sr1_0.warehouse_code 
    from
        shipment_request sr1_0 
    where
        sr1_0.id=?
2026-06-11 14:45:32.442 DEBUG [Test worker] org.hibernate.SQL - 
    select
        sr1_0.id,
        sr1_0.created_at,
        sr1_0.update_at,
        sr1_0.customer_code,
        sr1_0.customer_name,
        sr1_0.material_code,
        sr1_0.material_name,
        sr1_0.quantity,
        sr1_0.unit,
        sr1_0.error_payload,
        sr1_0.message,
        sr1_0.retry_count,
        sr1_0.status,
        sr1_0.order_no,
        sr1_0.requested_at,
        sr1_0.shipment_no,
        sr1_0.warehouse_code 
    from
        shipment_request sr1_0
2026-06-11 14:45:32.444 DEBUG [Test worker] org.hibernate.SQL - 
    select
        sr1_0.id 
    from
        shipment_request sr1_0 
    where
        sr1_0.shipment_no=? 
    fetch
        first ? rows only
2026-06-11 14:45:32.445 DEBUG [Test worker] org.hibernate.SQL - 
    insert 
    into
        shipment_request
        (created_at, update_at, customer_code, customer_name, material_code, material_name, quantity, unit, error_payload, message, retry_count, status, order_no, requested_at, shipment_no, warehouse_code, id) 
    values
        (?, ?, ?, ?, ?, ?, ?, ?, ?, ?, ?, ?, ?, ?, ?, ?, default)
2026-06-11 14:45:32.691 DEBUG [Test worker] org.hibernate.SQL - 
    select
        count(*) 
    from
        shipment_request sr1_0
2026-06-11 14:45:32.695 DEBUG [Test worker] org.hibernate.SQL - 
    select
        sr1_0.id,
        sr1_0.created_at,
        sr1_0.update_at,
        sr1_0.customer_code,
        sr1_0.customer_name,
        sr1_0.material_code,
        sr1_0.material_name,
        sr1_0.quantity,
        sr1_0.unit,
        sr1_0.error_payload,
        sr1_0.message,
        sr1_0.retry_count,
        sr1_0.status,
        sr1_0.order_no,
        sr1_0.requested_at,
        sr1_0.shipment_no,
        sr1_0.warehouse_code 
    from
        shipment_request sr1_0
2026-06-11 14:45:32.714 DEBUG [Test worker] org.hibernate.SQL - 
    select
        sr1_0.id,
        sr1_0.created_at,
        sr1_0.update_at,
        sr1_0.customer_code,
        sr1_0.customer_name,
        sr1_0.material_code,
        sr1_0.material_name,
        sr1_0.quantity,
        sr1_0.unit,
        sr1_0.error_payload,
        sr1_0.message,
        sr1_0.retry_count,
        sr1_0.status,
        sr1_0.order_no,
        sr1_0.requested_at,
        sr1_0.shipment_no,
        sr1_0.warehouse_code 
    from
        shipment_request sr1_0
2026-06-11 14:45:32.716 DEBUG [Test worker] org.hibernate.SQL - 
    delete 
    from
        shipment_request 
    where
        id=?
2026-06-11 14:45:32.718 DEBUG [Test worker] org.hibernate.SQL - 
    select
        sr1_0.id 
    from
        shipment_request sr1_0 
    where
        sr1_0.shipment_no=? 
    fetch
        first ? rows only
2026-06-11 14:45:32.718 DEBUG [Test worker] org.hibernate.SQL - 
    insert 
    into
        shipment_request
        (created_at, update_at, customer_code, customer_name, material_code, material_name, quantity, unit, error_payload, message, retry_count, status, order_no, requested_at, shipment_no, warehouse_code, id) 
    values
        (?, ?, ?, ?, ?, ?, ?, ?, ?, ?, ?, ?, ?, ?, ?, ?, default)
2026-06-11 14:45:32.720 DEBUG [Test worker] org.hibernate.SQL - 
    select
        sr1_0.id,
        sr1_0.created_at,
        sr1_0.update_at,
        sr1_0.customer_code,
        sr1_0.customer_name,
        sr1_0.material_code,
        sr1_0.material_name,
        sr1_0.quantity,
        sr1_0.unit,
        sr1_0.error_payload,
        sr1_0.message,
        sr1_0.retry_count,
        sr1_0.status,
        sr1_0.order_no,
        sr1_0.requested_at,
        sr1_0.shipment_no,
        sr1_0.warehouse_code 
    from
        shipment_request sr1_0
2026-06-11 14:45:32.722 DEBUG [Test worker] org.hibernate.SQL - 
    select
        sr1_0.id,
        sr1_0.created_at,
        sr1_0.update_at,
        sr1_0.customer_code,
        sr1_0.customer_name,
        sr1_0.material_code,
        sr1_0.material_name,
        sr1_0.quantity,
        sr1_0.unit,
        sr1_0.error_payload,
        sr1_0.message,
        sr1_0.retry_count,
        sr1_0.status,
        sr1_0.order_no,
        sr1_0.requested_at,
        sr1_0.shipment_no,
        sr1_0.warehouse_code 
    from
        shipment_request sr1_0 
    where
        sr1_0.id=?
2026-06-11 14:45:32.723 DEBUG [Test worker] org.hibernate.SQL - 
    update
        shipment_request 
    set
        created_at=?,
        update_at=?,
        customer_code=?,
        customer_name=?,
        material_code=?,
        material_name=?,
        quantity=?,
        unit=?,
        error_payload=?,
        message=?,
        retry_count=?,
        status=?,
        order_no=?,
        requested_at=?,
        shipment_no=?,
        warehouse_code=? 
    where
        id=?
2026-06-11 14:45:32.728 DEBUG [Test worker] org.hibernate.SQL - 
    select
        sr1_0.id,
        sr1_0.created_at,
        sr1_0.update_at,
        sr1_0.customer_code,
        sr1_0.customer_name,
        sr1_0.material_code,
        sr1_0.material_name,
        sr1_0.quantity,
        sr1_0.unit,
        sr1_0.error_payload,
        sr1_0.message,
        sr1_0.retry_count,
        sr1_0.status,
        sr1_0.order_no,
        sr1_0.requested_at,
        sr1_0.shipment_no,
        sr1_0.warehouse_code 
    from
        shipment_request sr1_0
2026-06-11 14:45:32.732 DEBUG [Test worker] org.hibernate.SQL - 
    delete 
    from
        shipment_request 
    where
        id=?
2026-06-11 14:45:32.733 DEBUG [Test worker] org.hibernate.SQL - 
    select
        sr1_0.id 
    from
        shipment_request sr1_0 
    where
        sr1_0.shipment_no=? 
    fetch
        first ? rows only
2026-06-11 14:45:32.734 DEBUG [Test worker] org.hibernate.SQL - 
    insert 
    into
        shipment_request
        (created_at, update_at, customer_code, customer_name, material_code, material_name, quantity, unit, error_payload, message, retry_count, status, order_no, requested_at, shipment_no, warehouse_code, id) 
    values
        (?, ?, ?, ?, ?, ?, ?, ?, ?, ?, ?, ?, ?, ?, ?, ?, default)
2026-06-11 14:45:32.736 DEBUG [Test worker] org.hibernate.SQL - 
    select
        sr1_0.id,
        sr1_0.created_at,
        sr1_0.update_at,
        sr1_0.customer_code,
        sr1_0.customer_name,
        sr1_0.material_code,
        sr1_0.material_name,
        sr1_0.quantity,
        sr1_0.unit,
        sr1_0.error_payload,
        sr1_0.message,
        sr1_0.retry_count,
        sr1_0.status,
        sr1_0.order_no,
        sr1_0.requested_at,
        sr1_0.shipment_no,
        sr1_0.warehouse_code 
    from
        shipment_request sr1_0
2026-06-11 14:45:32.737 DEBUG [Test worker] org.hibernate.SQL - 
    select
        sr1_0.id,
        sr1_0.created_at,
        sr1_0.update_at,
        sr1_0.customer_code,
        sr1_0.customer_name,
        sr1_0.material_code,
        sr1_0.material_name,
        sr1_0.quantity,
        sr1_0.unit,
        sr1_0.error_payload,
        sr1_0.message,
        sr1_0.retry_count,
        sr1_0.status,
        sr1_0.order_no,
        sr1_0.requested_at,
        sr1_0.shipment_no,
        sr1_0.warehouse_code 
    from
        shipment_request sr1_0 
    where
        sr1_0.id=?
2026-06-11 14:45:32.743 DEBUG [Test worker] org.hibernate.SQL - 
    select
        sr1_0.id,
        sr1_0.created_at,
        sr1_0.update_at,
        sr1_0.customer_code,
        sr1_0.customer_name,
        sr1_0.material_code,
        sr1_0.material_name,
        sr1_0.quantity,
        sr1_0.unit,
        sr1_0.error_payload,
        sr1_0.message,
        sr1_0.retry_count,
        sr1_0.status,
        sr1_0.order_no,
        sr1_0.requested_at,
        sr1_0.shipment_no,
        sr1_0.warehouse_code 
    from
        shipment_request sr1_0
2026-06-11 14:45:32.745 DEBUG [Test worker] org.hibernate.SQL - 
    delete 
    from
        shipment_request 
    where
        id=?
2026-06-11 14:45:32.746 DEBUG [Test worker] org.hibernate.SQL - 
    select
        sr1_0.id 
    from
        shipment_request sr1_0 
    where
        sr1_0.shipment_no=? 
    fetch
        first ? rows only
2026-06-11 14:45:32.747 DEBUG [Test worker] org.hibernate.SQL - 
    insert 
    into
        shipment_request
        (created_at, update_at, customer_code, customer_name, material_code, material_name, quantity, unit, error_payload, message, retry_count, status, order_no, requested_at, shipment_no, warehouse_code, id) 
    values
        (?, ?, ?, ?, ?, ?, ?, ?, ?, ?, ?, ?, ?, ?, ?, ?, default)
2026-06-11 14:45:32.748 DEBUG [Test worker] org.hibernate.SQL - 
    select
        sr1_0.id,
        sr1_0.created_at,
        sr1_0.update_at,
        sr1_0.customer_code,
        sr1_0.customer_name,
        sr1_0.material_code,
        sr1_0.material_name,
        sr1_0.quantity,
        sr1_0.unit,
        sr1_0.error_payload,
        sr1_0.message,
        sr1_0.retry_count,
        sr1_0.status,
        sr1_0.order_no,
        sr1_0.requested_at,
        sr1_0.shipment_no,
        sr1_0.warehouse_code 
    from
        shipment_request sr1_0
2026-06-11 14:45:32.750 DEBUG [Test worker] org.hibernate.SQL - 
    select
        sr1_0.id,
        sr1_0.created_at,
        sr1_0.update_at,
        sr1_0.customer_code,
        sr1_0.customer_name,
        sr1_0.material_code,
        sr1_0.material_name,
        sr1_0.quantity,
        sr1_0.unit,
        sr1_0.error_payload,
        sr1_0.message,
        sr1_0.retry_count,
        sr1_0.status,
        sr1_0.order_no,
        sr1_0.requested_at,
        sr1_0.shipment_no,
        sr1_0.warehouse_code 
    from
        shipment_request sr1_0 
    where
        sr1_0.id=?
2026-06-11 14:45:32.751 DEBUG [Test worker] org.hibernate.SQL - 
    update
        shipment_request 
    set
        created_at=?,
        update_at=?,
        customer_code=?,
        customer_name=?,
        material_code=?,
        material_name=?,
        quantity=?,
        unit=?,
        error_payload=?,
        message=?,
        retry_count=?,
        status=?,
        order_no=?,
        requested_at=?,
        shipment_no=?,
        warehouse_code=? 
    where
        id=?
2026-06-11 14:45:32.756 DEBUG [Test worker] org.hibernate.SQL - 
    select
        sr1_0.id,
        sr1_0.created_at,
        sr1_0.update_at,
        sr1_0.customer_code,
        sr1_0.customer_name,
        sr1_0.material_code,
        sr1_0.material_name,
        sr1_0.quantity,
        sr1_0.unit,
        sr1_0.error_payload,
        sr1_0.message,
        sr1_0.retry_count,
        sr1_0.status,
        sr1_0.order_no,
        sr1_0.requested_at,
        sr1_0.shipment_no,
        sr1_0.warehouse_code 
    from
        shipment_request sr1_0
2026-06-11 14:45:32.757 DEBUG [Test worker] org.hibernate.SQL - 
    delete 
    from
        shipment_request 
    where
        id=?
2026-06-11 14:45:32.759 DEBUG [Test worker] org.hibernate.SQL - 
    select
        sr1_0.id 
    from
        shipment_request sr1_0 
    where
        sr1_0.shipment_no=? 
    fetch
        first ? rows only
2026-06-11 14:45:32.759 DEBUG [Test worker] org.hibernate.SQL - 
    insert 
    into
        shipment_request
        (created_at, update_at, customer_code, customer_name, material_code, material_name, quantity, unit, error_payload, message, retry_count, status, order_no, requested_at, shipment_no, warehouse_code, id) 
    values
        (?, ?, ?, ?, ?, ?, ?, ?, ?, ?, ?, ?, ?, ?, ?, ?, default)
2026-06-11 14:45:32.761 DEBUG [Test worker] org.hibernate.SQL - 
    select
        sr1_0.id,
        sr1_0.created_at,
        sr1_0.update_at,
        sr1_0.customer_code,
        sr1_0.customer_name,
        sr1_0.material_code,
        sr1_0.material_name,
        sr1_0.quantity,
        sr1_0.unit,
        sr1_0.error_payload,
        sr1_0.message,
        sr1_0.retry_count,
        sr1_0.status,
        sr1_0.order_no,
        sr1_0.requested_at,
        sr1_0.shipment_no,
        sr1_0.warehouse_code 
    from
        shipment_request sr1_0
2026-06-11 14:45:32.762 DEBUG [Test worker] org.hibernate.SQL - 
    select
        sr1_0.id,
        sr1_0.created_at,
        sr1_0.update_at,
        sr1_0.customer_code,
        sr1_0.customer_name,
        sr1_0.material_code,
        sr1_0.material_name,
        sr1_0.quantity,
        sr1_0.unit,
        sr1_0.error_payload,
        sr1_0.message,
        sr1_0.retry_count,
        sr1_0.status,
        sr1_0.order_no,
        sr1_0.requested_at,
        sr1_0.shipment_no,
        sr1_0.warehouse_code 
    from
        shipment_request sr1_0 
    where
        sr1_0.id=?
2026-06-11 14:45:32.767 DEBUG [Test worker] org.hibernate.SQL - 
    select
        sr1_0.id,
        sr1_0.created_at,
        sr1_0.update_at,
        sr1_0.customer_code,
        sr1_0.customer_name,
        sr1_0.material_code,
        sr1_0.material_name,
        sr1_0.quantity,
        sr1_0.unit,
        sr1_0.error_payload,
        sr1_0.message,
        sr1_0.retry_count,
        sr1_0.status,
        sr1_0.order_no,
        sr1_0.requested_at,
        sr1_0.shipment_no,
        sr1_0.warehouse_code 
    from
        shipment_request sr1_0
2026-06-11 14:45:32.768 DEBUG [Test worker] org.hibernate.SQL - 
    delete 
    from
        shipment_request 
    where
        id=?
2026-06-11 14:45:32.771 DEBUG [Test worker] org.hibernate.SQL - 
    select
        sr1_0.id 
    from
        shipment_request sr1_0 
    where
        sr1_0.shipment_no=? 
    fetch
        first ? rows only
2026-06-11 14:45:32.772 DEBUG [Test worker] org.hibernate.SQL - 
    insert 
    into
        shipment_request
        (created_at, update_at, customer_code, customer_name, material_code, material_name, quantity, unit, error_payload, message, retry_count, status, order_no, requested_at, shipment_no, warehouse_code, id) 
    values
        (?, ?, ?, ?, ?, ?, ?, ?, ?, ?, ?, ?, ?, ?, ?, ?, default)
2026-06-11 14:45:32.773 DEBUG [Test worker] org.hibernate.SQL - 
    select
        sr1_0.id,
        sr1_0.created_at,
        sr1_0.update_at,
        sr1_0.customer_code,
        sr1_0.customer_name,
        sr1_0.material_code,
        sr1_0.material_name,
        sr1_0.quantity,
        sr1_0.unit,
        sr1_0.error_payload,
        sr1_0.message,
        sr1_0.retry_count,
        sr1_0.status,
        sr1_0.order_no,
        sr1_0.requested_at,
        sr1_0.shipment_no,
        sr1_0.warehouse_code 
    from
        shipment_request sr1_0
2026-06-11 14:45:32.774 DEBUG [Test worker] org.hibernate.SQL - 
    select
        sr1_0.id,
        sr1_0.created_at,
        sr1_0.update_at,
        sr1_0.customer_code,
        sr1_0.customer_name,
        sr1_0.material_code,
        sr1_0.material_name,
        sr1_0.quantity,
        sr1_0.unit,
        sr1_0.error_payload,
        sr1_0.message,
        sr1_0.retry_count,
        sr1_0.status,
        sr1_0.order_no,
        sr1_0.requested_at,
        sr1_0.shipment_no,
        sr1_0.warehouse_code 
    from
        shipment_request sr1_0 
    where
        sr1_0.id=?
2026-06-11 14:45:32.775 DEBUG [Test worker] org.hibernate.SQL - 
    update
        shipment_request 
    set
        created_at=?,
        update_at=?,
        customer_code=?,
        customer_name=?,
        material_code=?,
        material_name=?,
        quantity=?,
        unit=?,
        error_payload=?,
        message=?,
        retry_count=?,
        status=?,
        order_no=?,
        requested_at=?,
        shipment_no=?,
        warehouse_code=? 
    where
        id=?
2026-06-11 14:45:32.776 DEBUG [Test worker] org.hibernate.SQL - 
    select
        sr1_0.id,
        sr1_0.created_at,
        sr1_0.update_at,
        sr1_0.customer_code,
        sr1_0.customer_name,
        sr1_0.material_code,
        sr1_0.material_name,
        sr1_0.quantity,
        sr1_0.unit,
        sr1_0.error_payload,
        sr1_0.message,
        sr1_0.retry_count,
        sr1_0.status,
        sr1_0.order_no,
        sr1_0.requested_at,
        sr1_0.shipment_no,
        sr1_0.warehouse_code 
    from
        shipment_request sr1_0 
    where
        sr1_0.id=?
2026-06-11 14:45:32.777 DEBUG [Test worker] org.hibernate.SQL - 
    update
        shipment_request 
    set
        created_at=?,
        update_at=?,
        customer_code=?,
        customer_name=?,
        material_code=?,
        material_name=?,
        quantity=?,
        unit=?,
        error_payload=?,
        message=?,
        retry_count=?,
        status=?,
        order_no=?,
        requested_at=?,
        shipment_no=?,
        warehouse_code=? 
    where
        id=?
2026-06-11 14:45:32.781 DEBUG [Test worker] org.hibernate.SQL - 
    select
        sr1_0.id,
        sr1_0.created_at,
        sr1_0.update_at,
        sr1_0.customer_code,
        sr1_0.customer_name,
        sr1_0.material_code,
        sr1_0.material_name,
        sr1_0.quantity,
        sr1_0.unit,
        sr1_0.error_payload,
        sr1_0.message,
        sr1_0.retry_count,
        sr1_0.status,
        sr1_0.order_no,
        sr1_0.requested_at,
        sr1_0.shipment_no,
        sr1_0.warehouse_code 
    from
        shipment_request sr1_0
2026-06-11 14:45:32.783 DEBUG [Test worker] org.hibernate.SQL - 
    delete 
    from
        shipment_request 
    where
        id=?
2026-06-11 14:45:32.784 DEBUG [Test worker] org.hibernate.SQL - 
    select
        sr1_0.id 
    from
        shipment_request sr1_0 
    where
        sr1_0.shipment_no=? 
    fetch
        first ? rows only
2026-06-11 14:45:32.784 DEBUG [Test worker] org.hibernate.SQL - 
    insert 
    into
        shipment_request
        (created_at, update_at, customer_code, customer_name, material_code, material_name, quantity, unit, error_payload, message, retry_count, status, order_no, requested_at, shipment_no, warehouse_code, id) 
    values
        (?, ?, ?, ?, ?, ?, ?, ?, ?, ?, ?, ?, ?, ?, ?, ?, default)
2026-06-11 14:45:32.786 DEBUG [Test worker] org.hibernate.SQL - 
    select
        sr1_0.id,
        sr1_0.created_at,
        sr1_0.update_at,
        sr1_0.customer_code,
        sr1_0.customer_name,
        sr1_0.material_code,
        sr1_0.material_name,
        sr1_0.quantity,
        sr1_0.unit,
        sr1_0.error_payload,
        sr1_0.message,
        sr1_0.retry_count,
        sr1_0.status,
        sr1_0.order_no,
        sr1_0.requested_at,
        sr1_0.shipment_no,
        sr1_0.warehouse_code 
    from
        shipment_request sr1_0
2026-06-11 14:45:32.787 DEBUG [Test worker] org.hibernate.SQL - 
    select
        sr1_0.id,
        sr1_0.created_at,
        sr1_0.update_at,
        sr1_0.customer_code,
        sr1_0.customer_name,
        sr1_0.material_code,
        sr1_0.material_name,
        sr1_0.quantity,
        sr1_0.unit,
        sr1_0.error_payload,
        sr1_0.message,
        sr1_0.retry_count,
        sr1_0.status,
        sr1_0.order_no,
        sr1_0.requested_at,
        sr1_0.shipment_no,
        sr1_0.warehouse_code 
    from
        shipment_request sr1_0 
    where
        sr1_0.id=?
2026-06-11 14:45:32.788 DEBUG [Test worker] org.hibernate.SQL - 
    update
        shipment_request 
    set
        created_at=?,
        update_at=?,
        customer_code=?,
        customer_name=?,
        material_code=?,
        material_name=?,
        quantity=?,
        unit=?,
        error_payload=?,
        message=?,
        retry_count=?,
        status=?,
        order_no=?,
        requested_at=?,
        shipment_no=?,
        warehouse_code=? 
    where
        id=?
2026-06-11 14:45:32.789 DEBUG [Test worker] org.hibernate.SQL - 
    select
        sr1_0.id,
        sr1_0.created_at,
        sr1_0.update_at,
        sr1_0.customer_code,
        sr1_0.customer_name,
        sr1_0.material_code,
        sr1_0.material_name,
        sr1_0.quantity,
        sr1_0.unit,
        sr1_0.error_payload,
        sr1_0.message,
        sr1_0.retry_count,
        sr1_0.status,
        sr1_0.order_no,
        sr1_0.requested_at,
        sr1_0.shipment_no,
        sr1_0.warehouse_code 
    from
        shipment_request sr1_0 
    where
        sr1_0.id=?
2026-06-11 14:45:32.789 DEBUG [Test worker] org.hibernate.SQL - 
    update
        shipment_request 
    set
        created_at=?,
        update_at=?,
        customer_code=?,
        customer_name=?,
        material_code=?,
        material_name=?,
        quantity=?,
        unit=?,
        error_payload=?,
        message=?,
        retry_count=?,
        status=?,
        order_no=?,
        requested_at=?,
        shipment_no=?,
        warehouse_code=? 
    where
        id=?
2026-06-11 14:45:32.791 DEBUG [Test worker] org.hibernate.SQL - 
    select
        sr1_0.id,
        sr1_0.created_at,
        sr1_0.update_at,
        sr1_0.customer_code,
        sr1_0.customer_name,
        sr1_0.material_code,
        sr1_0.material_name,
        sr1_0.quantity,
        sr1_0.unit,
        sr1_0.error_payload,
        sr1_0.message,
        sr1_0.retry_count,
        sr1_0.status,
        sr1_0.order_no,
        sr1_0.requested_at,
        sr1_0.shipment_no,
        sr1_0.warehouse_code 
    from
        shipment_request sr1_0 
    where
        sr1_0.id=?
2026-06-11 14:45:32.792 DEBUG [Test worker] org.hibernate.SQL - 
    select
        sr1_0.id,
        sr1_0.created_at,
        sr1_0.update_at,
        sr1_0.customer_code,
        sr1_0.customer_name,
        sr1_0.material_code,
        sr1_0.material_name,
        sr1_0.quantity,
        sr1_0.unit,
        sr1_0.error_payload,
        sr1_0.message,
        sr1_0.retry_count,
        sr1_0.status,
        sr1_0.order_no,
        sr1_0.requested_at,
        sr1_0.shipment_no,
        sr1_0.warehouse_code 
    from
        shipment_request sr1_0 
    where
        sr1_0.id=?
2026-06-11 14:45:32.795 DEBUG [Test worker] org.hibernate.SQL - 
    select
        sr1_0.id,
        sr1_0.created_at,
        sr1_0.update_at,
        sr1_0.customer_code,
        sr1_0.customer_name,
        sr1_0.material_code,
        sr1_0.material_name,
        sr1_0.quantity,
        sr1_0.unit,
        sr1_0.error_payload,
        sr1_0.message,
        sr1_0.retry_count,
        sr1_0.status,
        sr1_0.order_no,
        sr1_0.requested_at,
        sr1_0.shipment_no,
        sr1_0.warehouse_code 
    from
        shipment_request sr1_0
2026-06-11 14:45:32.795 DEBUG [Test worker] org.hibernate.SQL - 
    delete 
    from
        shipment_request 
    where
        id=?
2026-06-11 14:45:32.796 DEBUG [Test worker] org.hibernate.SQL - 
    select
        sr1_0.id 
    from
        shipment_request sr1_0 
    where
        sr1_0.shipment_no=? 
    fetch
        first ? rows only
2026-06-11 14:45:32.797 DEBUG [Test worker] org.hibernate.SQL - 
    insert 
    into
        shipment_request
        (created_at, update_at, customer_code, customer_name, material_code, material_name, quantity, unit, error_payload, message, retry_count, status, order_no, requested_at, shipment_no, warehouse_code, id) 
    values
        (?, ?, ?, ?, ?, ?, ?, ?, ?, ?, ?, ?, ?, ?, ?, ?, default)
2026-06-11 14:45:32.798 DEBUG [Test worker] org.hibernate.SQL - 
    select
        sr1_0.id,
        sr1_0.created_at,
        sr1_0.update_at,
        sr1_0.customer_code,
        sr1_0.customer_name,
        sr1_0.material_code,
        sr1_0.material_name,
        sr1_0.quantity,
        sr1_0.unit,
        sr1_0.error_payload,
        sr1_0.message,
        sr1_0.retry_count,
        sr1_0.status,
        sr1_0.order_no,
        sr1_0.requested_at,
        sr1_0.shipment_no,
        sr1_0.warehouse_code 
    from
        shipment_request sr1_0
2026-06-11 14:45:32.798 DEBUG [Test worker] org.hibernate.SQL - 
    select
        sr1_0.id,
        sr1_0.created_at,
        sr1_0.update_at,
        sr1_0.customer_code,
        sr1_0.customer_name,
        sr1_0.material_code,
        sr1_0.material_name,
        sr1_0.quantity,
        sr1_0.unit,
        sr1_0.error_payload,
        sr1_0.message,
        sr1_0.retry_count,
        sr1_0.status,
        sr1_0.order_no,
        sr1_0.requested_at,
        sr1_0.shipment_no,
        sr1_0.warehouse_code 
    from
        shipment_request sr1_0 
    where
        sr1_0.id=?
2026-06-11 14:45:32.802 DEBUG [Test worker] org.hibernate.SQL - 
    select
        sr1_0.id,
        sr1_0.created_at,
        sr1_0.update_at,
        sr1_0.customer_code,
        sr1_0.customer_name,
        sr1_0.material_code,
        sr1_0.material_name,
        sr1_0.quantity,
        sr1_0.unit,
        sr1_0.error_payload,
        sr1_0.message,
        sr1_0.retry_count,
        sr1_0.status,
        sr1_0.order_no,
        sr1_0.requested_at,
        sr1_0.shipment_no,
        sr1_0.warehouse_code 
    from
        shipment_request sr1_0
2026-06-11 14:45:32.803 DEBUG [Test worker] org.hibernate.SQL - 
    delete 
    from
        shipment_request 
    where
        id=?
2026-06-11 14:45:32.804 DEBUG [Test worker] org.hibernate.SQL - 
    select
        sr1_0.id 
    from
        shipment_request sr1_0 
    where
        sr1_0.shipment_no=? 
    fetch
        first ? rows only
2026-06-11 14:45:32.804 DEBUG [Test worker] org.hibernate.SQL - 
    insert 
    into
        shipment_request
        (created_at, update_at, customer_code, customer_name, material_code, material_name, quantity, unit, error_payload, message, retry_count, status, order_no, requested_at, shipment_no, warehouse_code, id) 
    values
        (?, ?, ?, ?, ?, ?, ?, ?, ?, ?, ?, ?, ?, ?, ?, ?, default)
2026-06-11 14:45:32.806 DEBUG [Test worker] org.hibernate.SQL - 
    select
        sr1_0.id 
    from
        shipment_request sr1_0 
    where
        sr1_0.shipment_no=? 
    fetch
        first ? rows only
2026-06-11 14:45:32.810 DEBUG [Test worker] org.hibernate.SQL - 
    select
        sr1_0.id,
        sr1_0.created_at,
        sr1_0.update_at,
        sr1_0.customer_code,
        sr1_0.customer_name,
        sr1_0.material_code,
        sr1_0.material_name,
        sr1_0.quantity,
        sr1_0.unit,
        sr1_0.error_payload,
        sr1_0.message,
        sr1_0.retry_count,
        sr1_0.status,
        sr1_0.order_no,
        sr1_0.requested_at,
        sr1_0.shipment_no,
        sr1_0.warehouse_code 
    from
        shipment_request sr1_0
2026-06-11 14:45:32.811 DEBUG [Test worker] org.hibernate.SQL - 
    delete 
    from
        shipment_request 
    where
        id=?
2026-06-11 14:45:32.812 DEBUG [Test worker] org.hibernate.SQL - 
    select
        sr1_0.id 
    from
        shipment_request sr1_0 
    where
        sr1_0.shipment_no=? 
    fetch
        first ? rows only
2026-06-11 14:45:32.813 DEBUG [Test worker] org.hibernate.SQL - 
    insert 
    into
        shipment_request
        (created_at, update_at, customer_code, customer_name, material_code, material_name, quantity, unit, error_payload, message, retry_count, status, order_no, requested_at, shipment_no, warehouse_code, id) 
    values
        (?, ?, ?, ?, ?, ?, ?, ?, ?, ?, ?, ?, ?, ?, ?, ?, default)
2026-06-11 14:45:32.814 DEBUG [Test worker] org.hibernate.SQL - 
    select
        sr1_0.id,
        sr1_0.created_at,
        sr1_0.update_at,
        sr1_0.customer_code,
        sr1_0.customer_name,
        sr1_0.material_code,
        sr1_0.material_name,
        sr1_0.quantity,
        sr1_0.unit,
        sr1_0.error_payload,
        sr1_0.message,
        sr1_0.retry_count,
        sr1_0.status,
        sr1_0.order_no,
        sr1_0.requested_at,
        sr1_0.shipment_no,
        sr1_0.warehouse_code 
    from
        shipment_request sr1_0
2026-06-11 14:45:32.815 DEBUG [Test worker] org.hibernate.SQL - 
    select
        sr1_0.id,
        sr1_0.created_at,
        sr1_0.update_at,
        sr1_0.customer_code,
        sr1_0.customer_name,
        sr1_0.material_code,
        sr1_0.material_name,
        sr1_0.quantity,
        sr1_0.unit,
        sr1_0.error_payload,
        sr1_0.message,
        sr1_0.retry_count,
        sr1_0.status,
        sr1_0.order_no,
        sr1_0.requested_at,
        sr1_0.shipment_no,
        sr1_0.warehouse_code 
    from
        shipment_request sr1_0 
    where
        sr1_0.id=?
2026-06-11 14:45:32.816 DEBUG [Test worker] org.hibernate.SQL - 
    update
        shipment_request 
    set
        created_at=?,
        update_at=?,
        customer_code=?,
        customer_name=?,
        material_code=?,
        material_name=?,
        quantity=?,
        unit=?,
        error_payload=?,
        message=?,
        retry_count=?,
        status=?,
        order_no=?,
        requested_at=?,
        shipment_no=?,
        warehouse_code=? 
    where
        id=?
2026-06-11 14:45:32.816 DEBUG [Test worker] org.hibernate.SQL - 
    select
        sr1_0.id,
        sr1_0.created_at,
        sr1_0.update_at,
        sr1_0.customer_code,
        sr1_0.customer_name,
        sr1_0.material_code,
        sr1_0.material_name,
        sr1_0.quantity,
        sr1_0.unit,
        sr1_0.error_payload,
        sr1_0.message,
        sr1_0.retry_count,
        sr1_0.status,
        sr1_0.order_no,
        sr1_0.requested_at,
        sr1_0.shipment_no,
        sr1_0.warehouse_code 
    from
        shipment_request sr1_0 
    where
        sr1_0.id=?
2026-06-11 14:45:32.818 DEBUG [Test worker] org.hibernate.SQL - 
    update
        shipment_request 
    set
        created_at=?,
        update_at=?,
        customer_code=?,
        customer_name=?,
        material_code=?,
        material_name=?,
        quantity=?,
        unit=?,
        error_payload=?,
        message=?,
        retry_count=?,
        status=?,
        order_no=?,
        requested_at=?,
        shipment_no=?,
        warehouse_code=? 
    where
        id=?
2026-06-11 14:45:32.819 DEBUG [Test worker] org.hibernate.SQL - 
    select
        sr1_0.id,
        sr1_0.created_at,
        sr1_0.update_at,
        sr1_0.customer_code,
        sr1_0.customer_name,
        sr1_0.material_code,
        sr1_0.material_name,
        sr1_0.quantity,
        sr1_0.unit,
        sr1_0.error_payload,
        sr1_0.message,
        sr1_0.retry_count,
        sr1_0.status,
        sr1_0.order_no,
        sr1_0.requested_at,
        sr1_0.shipment_no,
        sr1_0.warehouse_code 
    from
        shipment_request sr1_0 
    where
        sr1_0.id=?
2026-06-11 14:45:32.819 DEBUG [Test worker] org.hibernate.SQL - 
    select
        sr1_0.id,
        sr1_0.created_at,
        sr1_0.update_at,
        sr1_0.customer_code,
        sr1_0.customer_name,
        sr1_0.material_code,
        sr1_0.material_name,
        sr1_0.quantity,
        sr1_0.unit,
        sr1_0.error_payload,
        sr1_0.message,
        sr1_0.retry_count,
        sr1_0.status,
        sr1_0.order_no,
        sr1_0.requested_at,
        sr1_0.shipment_no,
        sr1_0.warehouse_code 
    from
        shipment_request sr1_0 
    where
        sr1_0.id=?
2026-06-11 14:45:32.823 DEBUG [Test worker] org.hibernate.SQL - 
    select
        sr1_0.id,
        sr1_0.created_at,
        sr1_0.update_at,
        sr1_0.customer_code,
        sr1_0.customer_name,
        sr1_0.material_code,
        sr1_0.material_name,
        sr1_0.quantity,
        sr1_0.unit,
        sr1_0.error_payload,
        sr1_0.message,
        sr1_0.retry_count,
        sr1_0.status,
        sr1_0.order_no,
        sr1_0.requested_at,
        sr1_0.shipment_no,
        sr1_0.warehouse_code 
    from
        shipment_request sr1_0
2026-06-11 14:45:32.825 DEBUG [Test worker] org.hibernate.SQL - 
    delete 
    from
        shipment_request 
    where
        id=?
2026-06-11 14:45:32.826 DEBUG [Test worker] org.hibernate.SQL - 
    select
        sr1_0.id 
    from
        shipment_request sr1_0 
    where
        sr1_0.shipment_no=? 
    fetch
        first ? rows only
2026-06-11 14:45:32.827 DEBUG [Test worker] org.hibernate.SQL - 
    insert 
    into
        shipment_request
        (created_at, update_at, customer_code, customer_name, material_code, material_name, quantity, unit, error_payload, message, retry_count, status, order_no, requested_at, shipment_no, warehouse_code, id) 
    values
        (?, ?, ?, ?, ?, ?, ?, ?, ?, ?, ?, ?, ?, ?, ?, ?, default)
2026-06-11 14:45:32.828 DEBUG [Test worker] org.hibernate.SQL - 
    select
        sr1_0.id,
        sr1_0.created_at,
        sr1_0.update_at,
        sr1_0.customer_code,
        sr1_0.customer_name,
        sr1_0.material_code,
        sr1_0.material_name,
        sr1_0.quantity,
        sr1_0.unit,
        sr1_0.error_payload,
        sr1_0.message,
        sr1_0.retry_count,
        sr1_0.status,
        sr1_0.order_no,
        sr1_0.requested_at,
        sr1_0.shipment_no,
        sr1_0.warehouse_code 
    from
        shipment_request sr1_0
2026-06-11 14:45:32.829 DEBUG [Test worker] org.hibernate.SQL - 
    select
        sr1_0.id,
        sr1_0.created_at,
        sr1_0.update_at,
        sr1_0.customer_code,
        sr1_0.customer_name,
        sr1_0.material_code,
        sr1_0.material_name,
        sr1_0.quantity,
        sr1_0.unit,
        sr1_0.error_payload,
        sr1_0.message,
        sr1_0.retry_count,
        sr1_0.status,
        sr1_0.order_no,
        sr1_0.requested_at,
        sr1_0.shipment_no,
        sr1_0.warehouse_code 
    from
        shipment_request sr1_0 
    where
        sr1_0.id=?
2026-06-11 14:45:32.830 DEBUG [Test worker] org.hibernate.SQL - 
    update
        shipment_request 
    set
        created_at=?,
        update_at=?,
        customer_code=?,
        customer_name=?,
        material_code=?,
        material_name=?,
        quantity=?,
        unit=?,
        error_payload=?,
        message=?,
        retry_count=?,
        status=?,
        order_no=?,
        requested_at=?,
        shipment_no=?,
        warehouse_code=? 
    where
        id=?
2026-06-11 14:45:32.830 DEBUG [Test worker] org.hibernate.SQL - 
    select
        sr1_0.id,
        sr1_0.created_at,
        sr1_0.update_at,
        sr1_0.customer_code,
        sr1_0.customer_name,
        sr1_0.material_code,
        sr1_0.material_name,
        sr1_0.quantity,
        sr1_0.unit,
        sr1_0.error_payload,
        sr1_0.message,
        sr1_0.retry_count,
        sr1_0.status,
        sr1_0.order_no,
        sr1_0.requested_at,
        sr1_0.shipment_no,
        sr1_0.warehouse_code 
    from
        shipment_request sr1_0 
    where
        sr1_0.id=?
2026-06-11 14:45:32.840 DEBUG [SpringApplicationShutdownHook] org.hibernate.SQL - 
    drop table if exists shipment_request cascade 
2026-06-11 14:45:32.846 DEBUG [SpringApplicationShutdownHook] org.hibernate.SQL - 
    drop table if exists shipment_request cascade 
2026-06-11 14:51:50.767 DEBUG [Test worker] org.hibernate.SQL - 
    drop table if exists shipment_request cascade 
2026-06-11 14:51:50.776 DEBUG [Test worker] org.hibernate.SQL - 
    create table shipment_request (
        quantity integer,
        retry_count integer,
        created_at timestamp(6),
        id bigint generated by default as identity,
        requested_at timestamp(6),
        update_at timestamp(6),
        customer_code varchar(255),
        customer_name varchar(255),
        error_payload CLOB,
        material_code varchar(255),
        material_name varchar(255),
        message varchar(255),
        order_no varchar(255),
        shipment_no varchar(255),
        unit varchar(255),
        warehouse_code varchar(255),
        status enum ('FAILED','PROCESSING','RECEIVED','SUCCESS'),
        primary key (id)
    )
2026-06-11 14:51:52.379 DEBUG [Test worker] org.hibernate.SQL - 
    select
        sr1_0.id,
        sr1_0.created_at,
        sr1_0.update_at,
        sr1_0.customer_code,
        sr1_0.customer_name,
        sr1_0.material_code,
        sr1_0.material_name,
        sr1_0.quantity,
        sr1_0.unit,
        sr1_0.error_payload,
        sr1_0.message,
        sr1_0.retry_count,
        sr1_0.status,
        sr1_0.order_no,
        sr1_0.requested_at,
        sr1_0.shipment_no,
        sr1_0.warehouse_code 
    from
        shipment_request sr1_0
2026-06-11 14:51:52.447 DEBUG [Test worker] org.hibernate.SQL - 
    select
        sr1_0.id 
    from
        shipment_request sr1_0 
    where
        sr1_0.shipment_no=? 
    fetch
        first ? rows only
2026-06-11 14:51:52.478 DEBUG [Test worker] org.hibernate.SQL - 
    insert 
    into
        shipment_request
        (created_at, update_at, customer_code, customer_name, material_code, material_name, quantity, unit, error_payload, message, retry_count, status, order_no, requested_at, shipment_no, warehouse_code, id) 
    values
        (?, ?, ?, ?, ?, ?, ?, ?, ?, ?, ?, ?, ?, ?, ?, ?, default)
2026-06-11 14:51:52.509 DEBUG [Test worker] org.hibernate.SQL - 
    select
        sr1_0.id,
        sr1_0.created_at,
        sr1_0.update_at,
        sr1_0.customer_code,
        sr1_0.customer_name,
        sr1_0.material_code,
        sr1_0.material_name,
        sr1_0.quantity,
        sr1_0.unit,
        sr1_0.error_payload,
        sr1_0.message,
        sr1_0.retry_count,
        sr1_0.status,
        sr1_0.order_no,
        sr1_0.requested_at,
        sr1_0.shipment_no,
        sr1_0.warehouse_code 
    from
        shipment_request sr1_0
2026-06-11 14:51:52.584 DEBUG [Test worker] org.hibernate.SQL - 
    select
        sr1_0.id,
        sr1_0.created_at,
        sr1_0.update_at,
        sr1_0.customer_code,
        sr1_0.customer_name,
        sr1_0.material_code,
        sr1_0.material_name,
        sr1_0.quantity,
        sr1_0.unit,
        sr1_0.error_payload,
        sr1_0.message,
        sr1_0.retry_count,
        sr1_0.status,
        sr1_0.order_no,
        sr1_0.requested_at,
        sr1_0.shipment_no,
        sr1_0.warehouse_code 
    from
        shipment_request sr1_0 
    where
        sr1_0.id=?
2026-06-11 14:51:52.607 DEBUG [Test worker] org.hibernate.SQL - 
    update
        shipment_request 
    set
        created_at=?,
        update_at=?,
        customer_code=?,
        customer_name=?,
        material_code=?,
        material_name=?,
        quantity=?,
        unit=?,
        error_payload=?,
        message=?,
        retry_count=?,
        status=?,
        order_no=?,
        requested_at=?,
        shipment_no=?,
        warehouse_code=? 
    where
        id=?
2026-06-11 14:51:52.730 DEBUG [Test worker] org.hibernate.SQL - 
    select
        sr1_0.id,
        sr1_0.created_at,
        sr1_0.update_at,
        sr1_0.customer_code,
        sr1_0.customer_name,
        sr1_0.material_code,
        sr1_0.material_name,
        sr1_0.quantity,
        sr1_0.unit,
        sr1_0.error_payload,
        sr1_0.message,
        sr1_0.retry_count,
        sr1_0.status,
        sr1_0.order_no,
        sr1_0.requested_at,
        sr1_0.shipment_no,
        sr1_0.warehouse_code 
    from
        shipment_request sr1_0
2026-06-11 14:51:52.736 DEBUG [Test worker] org.hibernate.SQL - 
    delete 
    from
        shipment_request 
    where
        id=?
2026-06-11 14:51:52.738 DEBUG [Test worker] org.hibernate.SQL - 
    select
        sr1_0.id 
    from
        shipment_request sr1_0 
    where
        sr1_0.shipment_no=? 
    fetch
        first ? rows only
2026-06-11 14:51:52.739 DEBUG [Test worker] org.hibernate.SQL - 
    insert 
    into
        shipment_request
        (created_at, update_at, customer_code, customer_name, material_code, material_name, quantity, unit, error_payload, message, retry_count, status, order_no, requested_at, shipment_no, warehouse_code, id) 
    values
        (?, ?, ?, ?, ?, ?, ?, ?, ?, ?, ?, ?, ?, ?, ?, ?, default)
2026-06-11 14:51:52.741 DEBUG [Test worker] org.hibernate.SQL - 
    select
        sr1_0.id,
        sr1_0.created_at,
        sr1_0.update_at,
        sr1_0.customer_code,
        sr1_0.customer_name,
        sr1_0.material_code,
        sr1_0.material_name,
        sr1_0.quantity,
        sr1_0.unit,
        sr1_0.error_payload,
        sr1_0.message,
        sr1_0.retry_count,
        sr1_0.status,
        sr1_0.order_no,
        sr1_0.requested_at,
        sr1_0.shipment_no,
        sr1_0.warehouse_code 
    from
        shipment_request sr1_0
2026-06-11 14:51:52.742 DEBUG [Test worker] org.hibernate.SQL - 
    select
        sr1_0.id,
        sr1_0.created_at,
        sr1_0.update_at,
        sr1_0.customer_code,
        sr1_0.customer_name,
        sr1_0.material_code,
        sr1_0.material_name,
        sr1_0.quantity,
        sr1_0.unit,
        sr1_0.error_payload,
        sr1_0.message,
        sr1_0.retry_count,
        sr1_0.status,
        sr1_0.order_no,
        sr1_0.requested_at,
        sr1_0.shipment_no,
        sr1_0.warehouse_code 
    from
        shipment_request sr1_0 
    where
        sr1_0.id=?
2026-06-11 14:51:52.743 DEBUG [Test worker] org.hibernate.SQL - 
    update
        shipment_request 
    set
        created_at=?,
        update_at=?,
        customer_code=?,
        customer_name=?,
        material_code=?,
        material_name=?,
        quantity=?,
        unit=?,
        error_payload=?,
        message=?,
        retry_count=?,
        status=?,
        order_no=?,
        requested_at=?,
        shipment_no=?,
        warehouse_code=? 
    where
        id=?
2026-06-11 14:51:52.749 DEBUG [Test worker] org.hibernate.SQL - 
    select
        sr1_0.id,
        sr1_0.created_at,
        sr1_0.update_at,
        sr1_0.customer_code,
        sr1_0.customer_name,
        sr1_0.material_code,
        sr1_0.material_name,
        sr1_0.quantity,
        sr1_0.unit,
        sr1_0.error_payload,
        sr1_0.message,
        sr1_0.retry_count,
        sr1_0.status,
        sr1_0.order_no,
        sr1_0.requested_at,
        sr1_0.shipment_no,
        sr1_0.warehouse_code 
    from
        shipment_request sr1_0
2026-06-11 14:51:52.750 DEBUG [Test worker] org.hibernate.SQL - 
    delete 
    from
        shipment_request 
    where
        id=?
2026-06-11 14:51:52.751 DEBUG [Test worker] org.hibernate.SQL - 
    select
        sr1_0.id 
    from
        shipment_request sr1_0 
    where
        sr1_0.shipment_no=? 
    fetch
        first ? rows only
2026-06-11 14:51:52.752 DEBUG [Test worker] org.hibernate.SQL - 
    insert 
    into
        shipment_request
        (created_at, update_at, customer_code, customer_name, material_code, material_name, quantity, unit, error_payload, message, retry_count, status, order_no, requested_at, shipment_no, warehouse_code, id) 
    values
        (?, ?, ?, ?, ?, ?, ?, ?, ?, ?, ?, ?, ?, ?, ?, ?, default)
2026-06-11 14:51:52.753 DEBUG [Test worker] org.hibernate.SQL - 
    select
        sr1_0.id,
        sr1_0.created_at,
        sr1_0.update_at,
        sr1_0.customer_code,
        sr1_0.customer_name,
        sr1_0.material_code,
        sr1_0.material_name,
        sr1_0.quantity,
        sr1_0.unit,
        sr1_0.error_payload,
        sr1_0.message,
        sr1_0.retry_count,
        sr1_0.status,
        sr1_0.order_no,
        sr1_0.requested_at,
        sr1_0.shipment_no,
        sr1_0.warehouse_code 
    from
        shipment_request sr1_0
2026-06-11 14:51:52.755 DEBUG [Test worker] org.hibernate.SQL - 
    select
        sr1_0.id,
        sr1_0.created_at,
        sr1_0.update_at,
        sr1_0.customer_code,
        sr1_0.customer_name,
        sr1_0.material_code,
        sr1_0.material_name,
        sr1_0.quantity,
        sr1_0.unit,
        sr1_0.error_payload,
        sr1_0.message,
        sr1_0.retry_count,
        sr1_0.status,
        sr1_0.order_no,
        sr1_0.requested_at,
        sr1_0.shipment_no,
        sr1_0.warehouse_code 
    from
        shipment_request sr1_0 
    where
        sr1_0.id=?
2026-06-11 14:51:52.766 DEBUG [Test worker] org.hibernate.SQL - 
    select
        sr1_0.id,
        sr1_0.created_at,
        sr1_0.update_at,
        sr1_0.customer_code,
        sr1_0.customer_name,
        sr1_0.material_code,
        sr1_0.material_name,
        sr1_0.quantity,
        sr1_0.unit,
        sr1_0.error_payload,
        sr1_0.message,
        sr1_0.retry_count,
        sr1_0.status,
        sr1_0.order_no,
        sr1_0.requested_at,
        sr1_0.shipment_no,
        sr1_0.warehouse_code 
    from
        shipment_request sr1_0
2026-06-11 14:51:52.767 DEBUG [Test worker] org.hibernate.SQL - 
    delete 
    from
        shipment_request 
    where
        id=?
2026-06-11 14:51:52.768 DEBUG [Test worker] org.hibernate.SQL - 
    select
        sr1_0.id 
    from
        shipment_request sr1_0 
    where
        sr1_0.shipment_no=? 
    fetch
        first ? rows only
2026-06-11 14:51:52.769 DEBUG [Test worker] org.hibernate.SQL - 
    insert 
    into
        shipment_request
        (created_at, update_at, customer_code, customer_name, material_code, material_name, quantity, unit, error_payload, message, retry_count, status, order_no, requested_at, shipment_no, warehouse_code, id) 
    values
        (?, ?, ?, ?, ?, ?, ?, ?, ?, ?, ?, ?, ?, ?, ?, ?, default)
2026-06-11 14:51:52.771 DEBUG [Test worker] org.hibernate.SQL - 
    select
        sr1_0.id,
        sr1_0.created_at,
        sr1_0.update_at,
        sr1_0.customer_code,
        sr1_0.customer_name,
        sr1_0.material_code,
        sr1_0.material_name,
        sr1_0.quantity,
        sr1_0.unit,
        sr1_0.error_payload,
        sr1_0.message,
        sr1_0.retry_count,
        sr1_0.status,
        sr1_0.order_no,
        sr1_0.requested_at,
        sr1_0.shipment_no,
        sr1_0.warehouse_code 
    from
        shipment_request sr1_0
2026-06-11 14:51:52.839 DEBUG [Test worker] org.hibernate.SQL - 
    select
        sr1_0.id,
        sr1_0.created_at,
        sr1_0.update_at,
        sr1_0.customer_code,
        sr1_0.customer_name,
        sr1_0.material_code,
        sr1_0.material_name,
        sr1_0.quantity,
        sr1_0.unit,
        sr1_0.error_payload,
        sr1_0.message,
        sr1_0.retry_count,
        sr1_0.status,
        sr1_0.order_no,
        sr1_0.requested_at,
        sr1_0.shipment_no,
        sr1_0.warehouse_code 
    from
        shipment_request sr1_0 
    where
        sr1_0.id=?
2026-06-11 14:51:52.851 DEBUG [Test worker] org.hibernate.SQL - 
    select
        sr1_0.id,
        sr1_0.created_at,
        sr1_0.update_at,
        sr1_0.customer_code,
        sr1_0.customer_name,
        sr1_0.material_code,
        sr1_0.material_name,
        sr1_0.quantity,
        sr1_0.unit,
        sr1_0.error_payload,
        sr1_0.message,
        sr1_0.retry_count,
        sr1_0.status,
        sr1_0.order_no,
        sr1_0.requested_at,
        sr1_0.shipment_no,
        sr1_0.warehouse_code 
    from
        shipment_request sr1_0
2026-06-11 14:51:52.853 DEBUG [Test worker] org.hibernate.SQL - 
    delete 
    from
        shipment_request 
    where
        id=?
2026-06-11 14:51:52.873 DEBUG [Test worker] org.hibernate.SQL - 
    select
        sr1_0.id 
    from
        shipment_request sr1_0 
    where
        sr1_0.shipment_no=? 
    fetch
        first ? rows only
2026-06-11 14:51:52.874 DEBUG [Test worker] org.hibernate.SQL - 
    insert 
    into
        shipment_request
        (created_at, update_at, customer_code, customer_name, material_code, material_name, quantity, unit, error_payload, message, retry_count, status, order_no, requested_at, shipment_no, warehouse_code, id) 
    values
        (?, ?, ?, ?, ?, ?, ?, ?, ?, ?, ?, ?, ?, ?, ?, ?, default)
2026-06-11 14:51:52.882 DEBUG [Test worker] org.hibernate.SQL - 
    select
        sr1_0.id,
        sr1_0.created_at,
        sr1_0.update_at,
        sr1_0.customer_code,
        sr1_0.customer_name,
        sr1_0.material_code,
        sr1_0.material_name,
        sr1_0.quantity,
        sr1_0.unit,
        sr1_0.error_payload,
        sr1_0.message,
        sr1_0.retry_count,
        sr1_0.status,
        sr1_0.order_no,
        sr1_0.requested_at,
        sr1_0.shipment_no,
        sr1_0.warehouse_code 
    from
        shipment_request sr1_0
2026-06-11 14:51:52.883 DEBUG [Test worker] org.hibernate.SQL - 
    delete 
    from
        shipment_request 
    where
        id=?
2026-06-11 14:51:52.895 DEBUG [Test worker] org.hibernate.SQL - 
    select
        sr1_0.id,
        sr1_0.created_at,
        sr1_0.update_at,
        sr1_0.customer_code,
        sr1_0.customer_name,
        sr1_0.material_code,
        sr1_0.material_name,
        sr1_0.quantity,
        sr1_0.unit,
        sr1_0.error_payload,
        sr1_0.message,
        sr1_0.retry_count,
        sr1_0.status,
        sr1_0.order_no,
        sr1_0.requested_at,
        sr1_0.shipment_no,
        sr1_0.warehouse_code 
    from
        shipment_request sr1_0
2026-06-11 14:51:52.897 DEBUG [Test worker] org.hibernate.SQL - 
    select
        sr1_0.id 
    from
        shipment_request sr1_0 
    where
        sr1_0.shipment_no=? 
    fetch
        first ? rows only
2026-06-11 14:51:52.898 DEBUG [Test worker] org.hibernate.SQL - 
    insert 
    into
        shipment_request
        (created_at, update_at, customer_code, customer_name, material_code, material_name, quantity, unit, error_payload, message, retry_count, status, order_no, requested_at, shipment_no, warehouse_code, id) 
    values
        (?, ?, ?, ?, ?, ?, ?, ?, ?, ?, ?, ?, ?, ?, ?, ?, default)
2026-06-11 14:51:52.900 DEBUG [Test worker] org.hibernate.SQL - 
    select
        sr1_0.id,
        sr1_0.created_at,
        sr1_0.update_at,
        sr1_0.customer_code,
        sr1_0.customer_name,
        sr1_0.material_code,
        sr1_0.material_name,
        sr1_0.quantity,
        sr1_0.unit,
        sr1_0.error_payload,
        sr1_0.message,
        sr1_0.retry_count,
        sr1_0.status,
        sr1_0.order_no,
        sr1_0.requested_at,
        sr1_0.shipment_no,
        sr1_0.warehouse_code 
    from
        shipment_request sr1_0
2026-06-11 14:51:52.902 DEBUG [Test worker] org.hibernate.SQL - 
    select
        sr1_0.id,
        sr1_0.created_at,
        sr1_0.update_at,
        sr1_0.customer_code,
        sr1_0.customer_name,
        sr1_0.material_code,
        sr1_0.material_name,
        sr1_0.quantity,
        sr1_0.unit,
        sr1_0.error_payload,
        sr1_0.message,
        sr1_0.retry_count,
        sr1_0.status,
        sr1_0.order_no,
        sr1_0.requested_at,
        sr1_0.shipment_no,
        sr1_0.warehouse_code 
    from
        shipment_request sr1_0
2026-06-11 14:51:52.916 DEBUG [Test worker] org.hibernate.SQL - 
    select
        sr1_0.id,
        sr1_0.created_at,
        sr1_0.update_at,
        sr1_0.customer_code,
        sr1_0.customer_name,
        sr1_0.material_code,
        sr1_0.material_name,
        sr1_0.quantity,
        sr1_0.unit,
        sr1_0.error_payload,
        sr1_0.message,
        sr1_0.retry_count,
        sr1_0.status,
        sr1_0.order_no,
        sr1_0.requested_at,
        sr1_0.shipment_no,
        sr1_0.warehouse_code 
    from
        shipment_request sr1_0
2026-06-11 14:51:52.917 DEBUG [Test worker] org.hibernate.SQL - 
    delete 
    from
        shipment_request 
    where
        id=?
2026-06-11 14:51:52.919 DEBUG [Test worker] org.hibernate.SQL - 
    select
        sr1_0.id 
    from
        shipment_request sr1_0 
    where
        sr1_0.shipment_no=? 
    fetch
        first ? rows only
2026-06-11 14:51:52.919 DEBUG [Test worker] org.hibernate.SQL - 
    insert 
    into
        shipment_request
        (created_at, update_at, customer_code, customer_name, material_code, material_name, quantity, unit, error_payload, message, retry_count, status, order_no, requested_at, shipment_no, warehouse_code, id) 
    values
        (?, ?, ?, ?, ?, ?, ?, ?, ?, ?, ?, ?, ?, ?, ?, ?, default)
2026-06-11 14:51:52.921 DEBUG [Test worker] org.hibernate.SQL - 
    select
        sr1_0.id,
        sr1_0.created_at,
        sr1_0.update_at,
        sr1_0.customer_code,
        sr1_0.customer_name,
        sr1_0.material_code,
        sr1_0.material_name,
        sr1_0.quantity,
        sr1_0.unit,
        sr1_0.error_payload,
        sr1_0.message,
        sr1_0.retry_count,
        sr1_0.status,
        sr1_0.order_no,
        sr1_0.requested_at,
        sr1_0.shipment_no,
        sr1_0.warehouse_code 
    from
        shipment_request sr1_0
2026-06-11 14:51:52.922 DEBUG [Test worker] org.hibernate.SQL - 
    select
        sr1_0.id,
        sr1_0.created_at,
        sr1_0.update_at,
        sr1_0.customer_code,
        sr1_0.customer_name,
        sr1_0.material_code,
        sr1_0.material_name,
        sr1_0.quantity,
        sr1_0.unit,
        sr1_0.error_payload,
        sr1_0.message,
        sr1_0.retry_count,
        sr1_0.status,
        sr1_0.order_no,
        sr1_0.requested_at,
        sr1_0.shipment_no,
        sr1_0.warehouse_code 
    from
        shipment_request sr1_0 
    where
        sr1_0.id=?
2026-06-11 14:51:52.923 DEBUG [Test worker] org.hibernate.SQL - 
    update
        shipment_request 
    set
        created_at=?,
        update_at=?,
        customer_code=?,
        customer_name=?,
        material_code=?,
        material_name=?,
        quantity=?,
        unit=?,
        error_payload=?,
        message=?,
        retry_count=?,
        status=?,
        order_no=?,
        requested_at=?,
        shipment_no=?,
        warehouse_code=? 
    where
        id=?
2026-06-11 14:51:52.924 DEBUG [Test worker] org.hibernate.SQL - 
    select
        sr1_0.id,
        sr1_0.created_at,
        sr1_0.update_at,
        sr1_0.customer_code,
        sr1_0.customer_name,
        sr1_0.material_code,
        sr1_0.material_name,
        sr1_0.quantity,
        sr1_0.unit,
        sr1_0.error_payload,
        sr1_0.message,
        sr1_0.retry_count,
        sr1_0.status,
        sr1_0.order_no,
        sr1_0.requested_at,
        sr1_0.shipment_no,
        sr1_0.warehouse_code 
    from
        shipment_request sr1_0 
    where
        sr1_0.id=?
2026-06-11 14:51:53.387 DEBUG [Test worker] org.hibernate.SQL - 
    drop table if exists shipment_request cascade 
2026-06-11 14:51:53.389 DEBUG [Test worker] org.hibernate.SQL - 
    create table shipment_request (
        quantity integer,
        retry_count integer,
        created_at timestamp(6),
        id bigint generated by default as identity,
        requested_at timestamp(6),
        update_at timestamp(6),
        customer_code varchar(255),
        customer_name varchar(255),
        error_payload CLOB,
        material_code varchar(255),
        material_name varchar(255),
        message varchar(255),
        order_no varchar(255),
        shipment_no varchar(255),
        unit varchar(255),
        warehouse_code varchar(255),
        status enum ('FAILED','PROCESSING','RECEIVED','SUCCESS'),
        primary key (id)
    )
2026-06-11 14:51:53.557 DEBUG [Test worker] org.hibernate.SQL - 
    select
        sr1_0.id,
        sr1_0.created_at,
        sr1_0.update_at,
        sr1_0.customer_code,
        sr1_0.customer_name,
        sr1_0.material_code,
        sr1_0.material_name,
        sr1_0.quantity,
        sr1_0.unit,
        sr1_0.error_payload,
        sr1_0.message,
        sr1_0.retry_count,
        sr1_0.status,
        sr1_0.order_no,
        sr1_0.requested_at,
        sr1_0.shipment_no,
        sr1_0.warehouse_code 
    from
        shipment_request sr1_0
2026-06-11 14:51:53.608 DEBUG [Test worker] org.hibernate.SQL - 
    select
        sr1_0.id,
        sr1_0.created_at,
        sr1_0.update_at,
        sr1_0.customer_code,
        sr1_0.customer_name,
        sr1_0.material_code,
        sr1_0.material_name,
        sr1_0.quantity,
        sr1_0.unit,
        sr1_0.error_payload,
        sr1_0.message,
        sr1_0.retry_count,
        sr1_0.status,
        sr1_0.order_no,
        sr1_0.requested_at,
        sr1_0.shipment_no,
        sr1_0.warehouse_code 
    from
        shipment_request sr1_0 
    where
        sr1_0.id=?
2026-06-11 14:51:53.627 DEBUG [Test worker] org.hibernate.SQL - 
    select
        sr1_0.id,
        sr1_0.created_at,
        sr1_0.update_at,
        sr1_0.customer_code,
        sr1_0.customer_name,
        sr1_0.material_code,
        sr1_0.material_name,
        sr1_0.quantity,
        sr1_0.unit,
        sr1_0.error_payload,
        sr1_0.message,
        sr1_0.retry_count,
        sr1_0.status,
        sr1_0.order_no,
        sr1_0.requested_at,
        sr1_0.shipment_no,
        sr1_0.warehouse_code 
    from
        shipment_request sr1_0
2026-06-11 14:51:53.629 DEBUG [Test worker] org.hibernate.SQL - 
    select
        sr1_0.id 
    from
        shipment_request sr1_0 
    where
        sr1_0.shipment_no=? 
    fetch
        first ? rows only
2026-06-11 14:51:53.631 DEBUG [Test worker] org.hibernate.SQL - 
    insert 
    into
        shipment_request
        (created_at, update_at, customer_code, customer_name, material_code, material_name, quantity, unit, error_payload, message, retry_count, status, order_no, requested_at, shipment_no, warehouse_code, id) 
    values
        (?, ?, ?, ?, ?, ?, ?, ?, ?, ?, ?, ?, ?, ?, ?, ?, default)
2026-06-11 14:51:53.900 DEBUG [Test worker] org.hibernate.SQL - 
    select
        count(*) 
    from
        shipment_request sr1_0
2026-06-11 14:51:53.905 DEBUG [Test worker] org.hibernate.SQL - 
    select
        sr1_0.id,
        sr1_0.created_at,
        sr1_0.update_at,
        sr1_0.customer_code,
        sr1_0.customer_name,
        sr1_0.material_code,
        sr1_0.material_name,
        sr1_0.quantity,
        sr1_0.unit,
        sr1_0.error_payload,
        sr1_0.message,
        sr1_0.retry_count,
        sr1_0.status,
        sr1_0.order_no,
        sr1_0.requested_at,
        sr1_0.shipment_no,
        sr1_0.warehouse_code 
    from
        shipment_request sr1_0
2026-06-11 14:51:53.926 DEBUG [Test worker] org.hibernate.SQL - 
    select
        sr1_0.id,
        sr1_0.created_at,
        sr1_0.update_at,
        sr1_0.customer_code,
        sr1_0.customer_name,
        sr1_0.material_code,
        sr1_0.material_name,
        sr1_0.quantity,
        sr1_0.unit,
        sr1_0.error_payload,
        sr1_0.message,
        sr1_0.retry_count,
        sr1_0.status,
        sr1_0.order_no,
        sr1_0.requested_at,
        sr1_0.shipment_no,
        sr1_0.warehouse_code 
    from
        shipment_request sr1_0
2026-06-11 14:51:53.928 DEBUG [Test worker] org.hibernate.SQL - 
    delete 
    from
        shipment_request 
    where
        id=?
2026-06-11 14:51:53.929 DEBUG [Test worker] org.hibernate.SQL - 
    select
        sr1_0.id 
    from
        shipment_request sr1_0 
    where
        sr1_0.shipment_no=? 
    fetch
        first ? rows only
2026-06-11 14:51:53.930 DEBUG [Test worker] org.hibernate.SQL - 
    insert 
    into
        shipment_request
        (created_at, update_at, customer_code, customer_name, material_code, material_name, quantity, unit, error_payload, message, retry_count, status, order_no, requested_at, shipment_no, warehouse_code, id) 
    values
        (?, ?, ?, ?, ?, ?, ?, ?, ?, ?, ?, ?, ?, ?, ?, ?, default)
2026-06-11 14:51:53.931 DEBUG [Test worker] org.hibernate.SQL - 
    select
        sr1_0.id,
        sr1_0.created_at,
        sr1_0.update_at,
        sr1_0.customer_code,
        sr1_0.customer_name,
        sr1_0.material_code,
        sr1_0.material_name,
        sr1_0.quantity,
        sr1_0.unit,
        sr1_0.error_payload,
        sr1_0.message,
        sr1_0.retry_count,
        sr1_0.status,
        sr1_0.order_no,
        sr1_0.requested_at,
        sr1_0.shipment_no,
        sr1_0.warehouse_code 
    from
        shipment_request sr1_0
2026-06-11 14:51:53.933 DEBUG [Test worker] org.hibernate.SQL - 
    select
        sr1_0.id,
        sr1_0.created_at,
        sr1_0.update_at,
        sr1_0.customer_code,
        sr1_0.customer_name,
        sr1_0.material_code,
        sr1_0.material_name,
        sr1_0.quantity,
        sr1_0.unit,
        sr1_0.error_payload,
        sr1_0.message,
        sr1_0.retry_count,
        sr1_0.status,
        sr1_0.order_no,
        sr1_0.requested_at,
        sr1_0.shipment_no,
        sr1_0.warehouse_code 
    from
        shipment_request sr1_0 
    where
        sr1_0.id=?
2026-06-11 14:51:53.934 DEBUG [Test worker] org.hibernate.SQL - 
    update
        shipment_request 
    set
        created_at=?,
        update_at=?,
        customer_code=?,
        customer_name=?,
        material_code=?,
        material_name=?,
        quantity=?,
        unit=?,
        error_payload=?,
        message=?,
        retry_count=?,
        status=?,
        order_no=?,
        requested_at=?,
        shipment_no=?,
        warehouse_code=? 
    where
        id=?
2026-06-11 14:51:53.939 DEBUG [Test worker] org.hibernate.SQL - 
    select
        sr1_0.id,
        sr1_0.created_at,
        sr1_0.update_at,
        sr1_0.customer_code,
        sr1_0.customer_name,
        sr1_0.material_code,
        sr1_0.material_name,
        sr1_0.quantity,
        sr1_0.unit,
        sr1_0.error_payload,
        sr1_0.message,
        sr1_0.retry_count,
        sr1_0.status,
        sr1_0.order_no,
        sr1_0.requested_at,
        sr1_0.shipment_no,
        sr1_0.warehouse_code 
    from
        shipment_request sr1_0
2026-06-11 14:51:53.941 DEBUG [Test worker] org.hibernate.SQL - 
    delete 
    from
        shipment_request 
    where
        id=?
2026-06-11 14:51:53.943 DEBUG [Test worker] org.hibernate.SQL - 
    select
        sr1_0.id 
    from
        shipment_request sr1_0 
    where
        sr1_0.shipment_no=? 
    fetch
        first ? rows only
2026-06-11 14:51:53.944 DEBUG [Test worker] org.hibernate.SQL - 
    insert 
    into
        shipment_request
        (created_at, update_at, customer_code, customer_name, material_code, material_name, quantity, unit, error_payload, message, retry_count, status, order_no, requested_at, shipment_no, warehouse_code, id) 
    values
        (?, ?, ?, ?, ?, ?, ?, ?, ?, ?, ?, ?, ?, ?, ?, ?, default)
2026-06-11 14:51:53.945 DEBUG [Test worker] org.hibernate.SQL - 
    select
        sr1_0.id,
        sr1_0.created_at,
        sr1_0.update_at,
        sr1_0.customer_code,
        sr1_0.customer_name,
        sr1_0.material_code,
        sr1_0.material_name,
        sr1_0.quantity,
        sr1_0.unit,
        sr1_0.error_payload,
        sr1_0.message,
        sr1_0.retry_count,
        sr1_0.status,
        sr1_0.order_no,
        sr1_0.requested_at,
        sr1_0.shipment_no,
        sr1_0.warehouse_code 
    from
        shipment_request sr1_0
2026-06-11 14:51:53.946 DEBUG [Test worker] org.hibernate.SQL - 
    select
        sr1_0.id,
        sr1_0.created_at,
        sr1_0.update_at,
        sr1_0.customer_code,
        sr1_0.customer_name,
        sr1_0.material_code,
        sr1_0.material_name,
        sr1_0.quantity,
        sr1_0.unit,
        sr1_0.error_payload,
        sr1_0.message,
        sr1_0.retry_count,
        sr1_0.status,
        sr1_0.order_no,
        sr1_0.requested_at,
        sr1_0.shipment_no,
        sr1_0.warehouse_code 
    from
        shipment_request sr1_0 
    where
        sr1_0.id=?
2026-06-11 14:51:53.949 DEBUG [Test worker] org.hibernate.SQL - 
    select
        sr1_0.id,
        sr1_0.created_at,
        sr1_0.update_at,
        sr1_0.customer_code,
        sr1_0.customer_name,
        sr1_0.material_code,
        sr1_0.material_name,
        sr1_0.quantity,
        sr1_0.unit,
        sr1_0.error_payload,
        sr1_0.message,
        sr1_0.retry_count,
        sr1_0.status,
        sr1_0.order_no,
        sr1_0.requested_at,
        sr1_0.shipment_no,
        sr1_0.warehouse_code 
    from
        shipment_request sr1_0
2026-06-11 14:51:53.950 DEBUG [Test worker] org.hibernate.SQL - 
    delete 
    from
        shipment_request 
    where
        id=?
2026-06-11 14:51:53.951 DEBUG [Test worker] org.hibernate.SQL - 
    select
        sr1_0.id 
    from
        shipment_request sr1_0 
    where
        sr1_0.shipment_no=? 
    fetch
        first ? rows only
2026-06-11 14:51:53.952 DEBUG [Test worker] org.hibernate.SQL - 
    insert 
    into
        shipment_request
        (created_at, update_at, customer_code, customer_name, material_code, material_name, quantity, unit, error_payload, message, retry_count, status, order_no, requested_at, shipment_no, warehouse_code, id) 
    values
        (?, ?, ?, ?, ?, ?, ?, ?, ?, ?, ?, ?, ?, ?, ?, ?, default)
2026-06-11 14:51:53.953 DEBUG [Test worker] org.hibernate.SQL - 
    select
        sr1_0.id,
        sr1_0.created_at,
        sr1_0.update_at,
        sr1_0.customer_code,
        sr1_0.customer_name,
        sr1_0.material_code,
        sr1_0.material_name,
        sr1_0.quantity,
        sr1_0.unit,
        sr1_0.error_payload,
        sr1_0.message,
        sr1_0.retry_count,
        sr1_0.status,
        sr1_0.order_no,
        sr1_0.requested_at,
        sr1_0.shipment_no,
        sr1_0.warehouse_code 
    from
        shipment_request sr1_0
2026-06-11 14:51:53.954 DEBUG [Test worker] org.hibernate.SQL - 
    select
        sr1_0.id,
        sr1_0.created_at,
        sr1_0.update_at,
        sr1_0.customer_code,
        sr1_0.customer_name,
        sr1_0.material_code,
        sr1_0.material_name,
        sr1_0.quantity,
        sr1_0.unit,
        sr1_0.error_payload,
        sr1_0.message,
        sr1_0.retry_count,
        sr1_0.status,
        sr1_0.order_no,
        sr1_0.requested_at,
        sr1_0.shipment_no,
        sr1_0.warehouse_code 
    from
        shipment_request sr1_0 
    where
        sr1_0.id=?
2026-06-11 14:51:53.956 DEBUG [Test worker] org.hibernate.SQL - 
    update
        shipment_request 
    set
        created_at=?,
        update_at=?,
        customer_code=?,
        customer_name=?,
        material_code=?,
        material_name=?,
        quantity=?,
        unit=?,
        error_payload=?,
        message=?,
        retry_count=?,
        status=?,
        order_no=?,
        requested_at=?,
        shipment_no=?,
        warehouse_code=? 
    where
        id=?
2026-06-11 14:51:53.960 DEBUG [Test worker] org.hibernate.SQL - 
    select
        sr1_0.id,
        sr1_0.created_at,
        sr1_0.update_at,
        sr1_0.customer_code,
        sr1_0.customer_name,
        sr1_0.material_code,
        sr1_0.material_name,
        sr1_0.quantity,
        sr1_0.unit,
        sr1_0.error_payload,
        sr1_0.message,
        sr1_0.retry_count,
        sr1_0.status,
        sr1_0.order_no,
        sr1_0.requested_at,
        sr1_0.shipment_no,
        sr1_0.warehouse_code 
    from
        shipment_request sr1_0
2026-06-11 14:51:53.961 DEBUG [Test worker] org.hibernate.SQL - 
    delete 
    from
        shipment_request 
    where
        id=?
2026-06-11 14:51:53.963 DEBUG [Test worker] org.hibernate.SQL - 
    select
        sr1_0.id 
    from
        shipment_request sr1_0 
    where
        sr1_0.shipment_no=? 
    fetch
        first ? rows only
2026-06-11 14:51:53.964 DEBUG [Test worker] org.hibernate.SQL - 
    insert 
    into
        shipment_request
        (created_at, update_at, customer_code, customer_name, material_code, material_name, quantity, unit, error_payload, message, retry_count, status, order_no, requested_at, shipment_no, warehouse_code, id) 
    values
        (?, ?, ?, ?, ?, ?, ?, ?, ?, ?, ?, ?, ?, ?, ?, ?, default)
2026-06-11 14:51:53.966 DEBUG [Test worker] org.hibernate.SQL - 
    select
        sr1_0.id,
        sr1_0.created_at,
        sr1_0.update_at,
        sr1_0.customer_code,
        sr1_0.customer_name,
        sr1_0.material_code,
        sr1_0.material_name,
        sr1_0.quantity,
        sr1_0.unit,
        sr1_0.error_payload,
        sr1_0.message,
        sr1_0.retry_count,
        sr1_0.status,
        sr1_0.order_no,
        sr1_0.requested_at,
        sr1_0.shipment_no,
        sr1_0.warehouse_code 
    from
        shipment_request sr1_0
2026-06-11 14:51:53.967 DEBUG [Test worker] org.hibernate.SQL - 
    select
        sr1_0.id,
        sr1_0.created_at,
        sr1_0.update_at,
        sr1_0.customer_code,
        sr1_0.customer_name,
        sr1_0.material_code,
        sr1_0.material_name,
        sr1_0.quantity,
        sr1_0.unit,
        sr1_0.error_payload,
        sr1_0.message,
        sr1_0.retry_count,
        sr1_0.status,
        sr1_0.order_no,
        sr1_0.requested_at,
        sr1_0.shipment_no,
        sr1_0.warehouse_code 
    from
        shipment_request sr1_0 
    where
        sr1_0.id=?
2026-06-11 14:51:53.971 DEBUG [Test worker] org.hibernate.SQL - 
    select
        sr1_0.id,
        sr1_0.created_at,
        sr1_0.update_at,
        sr1_0.customer_code,
        sr1_0.customer_name,
        sr1_0.material_code,
        sr1_0.material_name,
        sr1_0.quantity,
        sr1_0.unit,
        sr1_0.error_payload,
        sr1_0.message,
        sr1_0.retry_count,
        sr1_0.status,
        sr1_0.order_no,
        sr1_0.requested_at,
        sr1_0.shipment_no,
        sr1_0.warehouse_code 
    from
        shipment_request sr1_0
2026-06-11 14:51:53.972 DEBUG [Test worker] org.hibernate.SQL - 
    delete 
    from
        shipment_request 
    where
        id=?
2026-06-11 14:51:53.974 DEBUG [Test worker] org.hibernate.SQL - 
    select
        sr1_0.id 
    from
        shipment_request sr1_0 
    where
        sr1_0.shipment_no=? 
    fetch
        first ? rows only
2026-06-11 14:51:53.974 DEBUG [Test worker] org.hibernate.SQL - 
    insert 
    into
        shipment_request
        (created_at, update_at, customer_code, customer_name, material_code, material_name, quantity, unit, error_payload, message, retry_count, status, order_no, requested_at, shipment_no, warehouse_code, id) 
    values
        (?, ?, ?, ?, ?, ?, ?, ?, ?, ?, ?, ?, ?, ?, ?, ?, default)
2026-06-11 14:51:53.976 DEBUG [Test worker] org.hibernate.SQL - 
    select
        sr1_0.id,
        sr1_0.created_at,
        sr1_0.update_at,
        sr1_0.customer_code,
        sr1_0.customer_name,
        sr1_0.material_code,
        sr1_0.material_name,
        sr1_0.quantity,
        sr1_0.unit,
        sr1_0.error_payload,
        sr1_0.message,
        sr1_0.retry_count,
        sr1_0.status,
        sr1_0.order_no,
        sr1_0.requested_at,
        sr1_0.shipment_no,
        sr1_0.warehouse_code 
    from
        shipment_request sr1_0
2026-06-11 14:51:53.977 DEBUG [Test worker] org.hibernate.SQL - 
    select
        sr1_0.id,
        sr1_0.created_at,
        sr1_0.update_at,
        sr1_0.customer_code,
        sr1_0.customer_name,
        sr1_0.material_code,
        sr1_0.material_name,
        sr1_0.quantity,
        sr1_0.unit,
        sr1_0.error_payload,
        sr1_0.message,
        sr1_0.retry_count,
        sr1_0.status,
        sr1_0.order_no,
        sr1_0.requested_at,
        sr1_0.shipment_no,
        sr1_0.warehouse_code 
    from
        shipment_request sr1_0 
    where
        sr1_0.id=?
2026-06-11 14:51:53.977 DEBUG [Test worker] org.hibernate.SQL - 
    update
        shipment_request 
    set
        created_at=?,
        update_at=?,
        customer_code=?,
        customer_name=?,
        material_code=?,
        material_name=?,
        quantity=?,
        unit=?,
        error_payload=?,
        message=?,
        retry_count=?,
        status=?,
        order_no=?,
        requested_at=?,
        shipment_no=?,
        warehouse_code=? 
    where
        id=?
2026-06-11 14:51:53.978 DEBUG [Test worker] org.hibernate.SQL - 
    select
        sr1_0.id,
        sr1_0.created_at,
        sr1_0.update_at,
        sr1_0.customer_code,
        sr1_0.customer_name,
        sr1_0.material_code,
        sr1_0.material_name,
        sr1_0.quantity,
        sr1_0.unit,
        sr1_0.error_payload,
        sr1_0.message,
        sr1_0.retry_count,
        sr1_0.status,
        sr1_0.order_no,
        sr1_0.requested_at,
        sr1_0.shipment_no,
        sr1_0.warehouse_code 
    from
        shipment_request sr1_0 
    where
        sr1_0.id=?
2026-06-11 14:51:53.979 DEBUG [Test worker] org.hibernate.SQL - 
    update
        shipment_request 
    set
        created_at=?,
        update_at=?,
        customer_code=?,
        customer_name=?,
        material_code=?,
        material_name=?,
        quantity=?,
        unit=?,
        error_payload=?,
        message=?,
        retry_count=?,
        status=?,
        order_no=?,
        requested_at=?,
        shipment_no=?,
        warehouse_code=? 
    where
        id=?
2026-06-11 14:51:53.983 DEBUG [Test worker] org.hibernate.SQL - 
    select
        sr1_0.id,
        sr1_0.created_at,
        sr1_0.update_at,
        sr1_0.customer_code,
        sr1_0.customer_name,
        sr1_0.material_code,
        sr1_0.material_name,
        sr1_0.quantity,
        sr1_0.unit,
        sr1_0.error_payload,
        sr1_0.message,
        sr1_0.retry_count,
        sr1_0.status,
        sr1_0.order_no,
        sr1_0.requested_at,
        sr1_0.shipment_no,
        sr1_0.warehouse_code 
    from
        shipment_request sr1_0
2026-06-11 14:51:53.984 DEBUG [Test worker] org.hibernate.SQL - 
    delete 
    from
        shipment_request 
    where
        id=?
2026-06-11 14:51:53.985 DEBUG [Test worker] org.hibernate.SQL - 
    select
        sr1_0.id 
    from
        shipment_request sr1_0 
    where
        sr1_0.shipment_no=? 
    fetch
        first ? rows only
2026-06-11 14:51:53.986 DEBUG [Test worker] org.hibernate.SQL - 
    insert 
    into
        shipment_request
        (created_at, update_at, customer_code, customer_name, material_code, material_name, quantity, unit, error_payload, message, retry_count, status, order_no, requested_at, shipment_no, warehouse_code, id) 
    values
        (?, ?, ?, ?, ?, ?, ?, ?, ?, ?, ?, ?, ?, ?, ?, ?, default)
2026-06-11 14:51:53.987 DEBUG [Test worker] org.hibernate.SQL - 
    select
        sr1_0.id,
        sr1_0.created_at,
        sr1_0.update_at,
        sr1_0.customer_code,
        sr1_0.customer_name,
        sr1_0.material_code,
        sr1_0.material_name,
        sr1_0.quantity,
        sr1_0.unit,
        sr1_0.error_payload,
        sr1_0.message,
        sr1_0.retry_count,
        sr1_0.status,
        sr1_0.order_no,
        sr1_0.requested_at,
        sr1_0.shipment_no,
        sr1_0.warehouse_code 
    from
        shipment_request sr1_0
2026-06-11 14:51:53.988 DEBUG [Test worker] org.hibernate.SQL - 
    select
        sr1_0.id,
        sr1_0.created_at,
        sr1_0.update_at,
        sr1_0.customer_code,
        sr1_0.customer_name,
        sr1_0.material_code,
        sr1_0.material_name,
        sr1_0.quantity,
        sr1_0.unit,
        sr1_0.error_payload,
        sr1_0.message,
        sr1_0.retry_count,
        sr1_0.status,
        sr1_0.order_no,
        sr1_0.requested_at,
        sr1_0.shipment_no,
        sr1_0.warehouse_code 
    from
        shipment_request sr1_0 
    where
        sr1_0.id=?
2026-06-11 14:51:53.989 DEBUG [Test worker] org.hibernate.SQL - 
    update
        shipment_request 
    set
        created_at=?,
        update_at=?,
        customer_code=?,
        customer_name=?,
        material_code=?,
        material_name=?,
        quantity=?,
        unit=?,
        error_payload=?,
        message=?,
        retry_count=?,
        status=?,
        order_no=?,
        requested_at=?,
        shipment_no=?,
        warehouse_code=? 
    where
        id=?
2026-06-11 14:51:53.990 DEBUG [Test worker] org.hibernate.SQL - 
    select
        sr1_0.id,
        sr1_0.created_at,
        sr1_0.update_at,
        sr1_0.customer_code,
        sr1_0.customer_name,
        sr1_0.material_code,
        sr1_0.material_name,
        sr1_0.quantity,
        sr1_0.unit,
        sr1_0.error_payload,
        sr1_0.message,
        sr1_0.retry_count,
        sr1_0.status,
        sr1_0.order_no,
        sr1_0.requested_at,
        sr1_0.shipment_no,
        sr1_0.warehouse_code 
    from
        shipment_request sr1_0 
    where
        sr1_0.id=?
2026-06-11 14:51:53.991 DEBUG [Test worker] org.hibernate.SQL - 
    update
        shipment_request 
    set
        created_at=?,
        update_at=?,
        customer_code=?,
        customer_name=?,
        material_code=?,
        material_name=?,
        quantity=?,
        unit=?,
        error_payload=?,
        message=?,
        retry_count=?,
        status=?,
        order_no=?,
        requested_at=?,
        shipment_no=?,
        warehouse_code=? 
    where
        id=?
2026-06-11 14:51:53.992 DEBUG [Test worker] org.hibernate.SQL - 
    select
        sr1_0.id,
        sr1_0.created_at,
        sr1_0.update_at,
        sr1_0.customer_code,
        sr1_0.customer_name,
        sr1_0.material_code,
        sr1_0.material_name,
        sr1_0.quantity,
        sr1_0.unit,
        sr1_0.error_payload,
        sr1_0.message,
        sr1_0.retry_count,
        sr1_0.status,
        sr1_0.order_no,
        sr1_0.requested_at,
        sr1_0.shipment_no,
        sr1_0.warehouse_code 
    from
        shipment_request sr1_0 
    where
        sr1_0.id=?
2026-06-11 14:51:53.993 DEBUG [Test worker] org.hibernate.SQL - 
    select
        sr1_0.id,
        sr1_0.created_at,
        sr1_0.update_at,
        sr1_0.customer_code,
        sr1_0.customer_name,
        sr1_0.material_code,
        sr1_0.material_name,
        sr1_0.quantity,
        sr1_0.unit,
        sr1_0.error_payload,
        sr1_0.message,
        sr1_0.retry_count,
        sr1_0.status,
        sr1_0.order_no,
        sr1_0.requested_at,
        sr1_0.shipment_no,
        sr1_0.warehouse_code 
    from
        shipment_request sr1_0 
    where
        sr1_0.id=?
2026-06-11 14:51:53.997 DEBUG [Test worker] org.hibernate.SQL - 
    select
        sr1_0.id,
        sr1_0.created_at,
        sr1_0.update_at,
        sr1_0.customer_code,
        sr1_0.customer_name,
        sr1_0.material_code,
        sr1_0.material_name,
        sr1_0.quantity,
        sr1_0.unit,
        sr1_0.error_payload,
        sr1_0.message,
        sr1_0.retry_count,
        sr1_0.status,
        sr1_0.order_no,
        sr1_0.requested_at,
        sr1_0.shipment_no,
        sr1_0.warehouse_code 
    from
        shipment_request sr1_0
2026-06-11 14:51:53.998 DEBUG [Test worker] org.hibernate.SQL - 
    delete 
    from
        shipment_request 
    where
        id=?
2026-06-11 14:51:53.999 DEBUG [Test worker] org.hibernate.SQL - 
    select
        sr1_0.id 
    from
        shipment_request sr1_0 
    where
        sr1_0.shipment_no=? 
    fetch
        first ? rows only
2026-06-11 14:51:53.999 DEBUG [Test worker] org.hibernate.SQL - 
    insert 
    into
        shipment_request
        (created_at, update_at, customer_code, customer_name, material_code, material_name, quantity, unit, error_payload, message, retry_count, status, order_no, requested_at, shipment_no, warehouse_code, id) 
    values
        (?, ?, ?, ?, ?, ?, ?, ?, ?, ?, ?, ?, ?, ?, ?, ?, default)
2026-06-11 14:51:54.001 DEBUG [Test worker] org.hibernate.SQL - 
    select
        sr1_0.id,
        sr1_0.created_at,
        sr1_0.update_at,
        sr1_0.customer_code,
        sr1_0.customer_name,
        sr1_0.material_code,
        sr1_0.material_name,
        sr1_0.quantity,
        sr1_0.unit,
        sr1_0.error_payload,
        sr1_0.message,
        sr1_0.retry_count,
        sr1_0.status,
        sr1_0.order_no,
        sr1_0.requested_at,
        sr1_0.shipment_no,
        sr1_0.warehouse_code 
    from
        shipment_request sr1_0
2026-06-11 14:51:54.002 DEBUG [Test worker] org.hibernate.SQL - 
    select
        sr1_0.id,
        sr1_0.created_at,
        sr1_0.update_at,
        sr1_0.customer_code,
        sr1_0.customer_name,
        sr1_0.material_code,
        sr1_0.material_name,
        sr1_0.quantity,
        sr1_0.unit,
        sr1_0.error_payload,
        sr1_0.message,
        sr1_0.retry_count,
        sr1_0.status,
        sr1_0.order_no,
        sr1_0.requested_at,
        sr1_0.shipment_no,
        sr1_0.warehouse_code 
    from
        shipment_request sr1_0 
    where
        sr1_0.id=?
2026-06-11 14:51:54.006 DEBUG [Test worker] org.hibernate.SQL - 
    select
        sr1_0.id,
        sr1_0.created_at,
        sr1_0.update_at,
        sr1_0.customer_code,
        sr1_0.customer_name,
        sr1_0.material_code,
        sr1_0.material_name,
        sr1_0.quantity,
        sr1_0.unit,
        sr1_0.error_payload,
        sr1_0.message,
        sr1_0.retry_count,
        sr1_0.status,
        sr1_0.order_no,
        sr1_0.requested_at,
        sr1_0.shipment_no,
        sr1_0.warehouse_code 
    from
        shipment_request sr1_0
2026-06-11 14:51:54.007 DEBUG [Test worker] org.hibernate.SQL - 
    delete 
    from
        shipment_request 
    where
        id=?
2026-06-11 14:51:54.008 DEBUG [Test worker] org.hibernate.SQL - 
    select
        sr1_0.id 
    from
        shipment_request sr1_0 
    where
        sr1_0.shipment_no=? 
    fetch
        first ? rows only
2026-06-11 14:51:54.009 DEBUG [Test worker] org.hibernate.SQL - 
    insert 
    into
        shipment_request
        (created_at, update_at, customer_code, customer_name, material_code, material_name, quantity, unit, error_payload, message, retry_count, status, order_no, requested_at, shipment_no, warehouse_code, id) 
    values
        (?, ?, ?, ?, ?, ?, ?, ?, ?, ?, ?, ?, ?, ?, ?, ?, default)
2026-06-11 14:51:54.010 DEBUG [Test worker] org.hibernate.SQL - 
    select
        sr1_0.id 
    from
        shipment_request sr1_0 
    where
        sr1_0.shipment_no=? 
    fetch
        first ? rows only
2026-06-11 14:51:54.014 DEBUG [Test worker] org.hibernate.SQL - 
    select
        sr1_0.id,
        sr1_0.created_at,
        sr1_0.update_at,
        sr1_0.customer_code,
        sr1_0.customer_name,
        sr1_0.material_code,
        sr1_0.material_name,
        sr1_0.quantity,
        sr1_0.unit,
        sr1_0.error_payload,
        sr1_0.message,
        sr1_0.retry_count,
        sr1_0.status,
        sr1_0.order_no,
        sr1_0.requested_at,
        sr1_0.shipment_no,
        sr1_0.warehouse_code 
    from
        shipment_request sr1_0
2026-06-11 14:51:54.015 DEBUG [Test worker] org.hibernate.SQL - 
    delete 
    from
        shipment_request 
    where
        id=?
2026-06-11 14:51:54.016 DEBUG [Test worker] org.hibernate.SQL - 
    select
        sr1_0.id 
    from
        shipment_request sr1_0 
    where
        sr1_0.shipment_no=? 
    fetch
        first ? rows only
2026-06-11 14:51:54.017 DEBUG [Test worker] org.hibernate.SQL - 
    insert 
    into
        shipment_request
        (created_at, update_at, customer_code, customer_name, material_code, material_name, quantity, unit, error_payload, message, retry_count, status, order_no, requested_at, shipment_no, warehouse_code, id) 
    values
        (?, ?, ?, ?, ?, ?, ?, ?, ?, ?, ?, ?, ?, ?, ?, ?, default)
2026-06-11 14:51:54.019 DEBUG [Test worker] org.hibernate.SQL - 
    select
        sr1_0.id,
        sr1_0.created_at,
        sr1_0.update_at,
        sr1_0.customer_code,
        sr1_0.customer_name,
        sr1_0.material_code,
        sr1_0.material_name,
        sr1_0.quantity,
        sr1_0.unit,
        sr1_0.error_payload,
        sr1_0.message,
        sr1_0.retry_count,
        sr1_0.status,
        sr1_0.order_no,
        sr1_0.requested_at,
        sr1_0.shipment_no,
        sr1_0.warehouse_code 
    from
        shipment_request sr1_0
2026-06-11 14:51:54.020 DEBUG [Test worker] org.hibernate.SQL - 
    select
        sr1_0.id,
        sr1_0.created_at,
        sr1_0.update_at,
        sr1_0.customer_code,
        sr1_0.customer_name,
        sr1_0.material_code,
        sr1_0.material_name,
        sr1_0.quantity,
        sr1_0.unit,
        sr1_0.error_payload,
        sr1_0.message,
        sr1_0.retry_count,
        sr1_0.status,
        sr1_0.order_no,
        sr1_0.requested_at,
        sr1_0.shipment_no,
        sr1_0.warehouse_code 
    from
        shipment_request sr1_0 
    where
        sr1_0.id=?
2026-06-11 14:51:54.022 DEBUG [Test worker] org.hibernate.SQL - 
    update
        shipment_request 
    set
        created_at=?,
        update_at=?,
        customer_code=?,
        customer_name=?,
        material_code=?,
        material_name=?,
        quantity=?,
        unit=?,
        error_payload=?,
        message=?,
        retry_count=?,
        status=?,
        order_no=?,
        requested_at=?,
        shipment_no=?,
        warehouse_code=? 
    where
        id=?
2026-06-11 14:51:54.022 DEBUG [Test worker] org.hibernate.SQL - 
    select
        sr1_0.id,
        sr1_0.created_at,
        sr1_0.update_at,
        sr1_0.customer_code,
        sr1_0.customer_name,
        sr1_0.material_code,
        sr1_0.material_name,
        sr1_0.quantity,
        sr1_0.unit,
        sr1_0.error_payload,
        sr1_0.message,
        sr1_0.retry_count,
        sr1_0.status,
        sr1_0.order_no,
        sr1_0.requested_at,
        sr1_0.shipment_no,
        sr1_0.warehouse_code 
    from
        shipment_request sr1_0 
    where
        sr1_0.id=?
2026-06-11 14:51:54.023 DEBUG [Test worker] org.hibernate.SQL - 
    update
        shipment_request 
    set
        created_at=?,
        update_at=?,
        customer_code=?,
        customer_name=?,
        material_code=?,
        material_name=?,
        quantity=?,
        unit=?,
        error_payload=?,
        message=?,
        retry_count=?,
        status=?,
        order_no=?,
        requested_at=?,
        shipment_no=?,
        warehouse_code=? 
    where
        id=?
2026-06-11 14:51:54.025 DEBUG [Test worker] org.hibernate.SQL - 
    select
        sr1_0.id,
        sr1_0.created_at,
        sr1_0.update_at,
        sr1_0.customer_code,
        sr1_0.customer_name,
        sr1_0.material_code,
        sr1_0.material_name,
        sr1_0.quantity,
        sr1_0.unit,
        sr1_0.error_payload,
        sr1_0.message,
        sr1_0.retry_count,
        sr1_0.status,
        sr1_0.order_no,
        sr1_0.requested_at,
        sr1_0.shipment_no,
        sr1_0.warehouse_code 
    from
        shipment_request sr1_0 
    where
        sr1_0.id=?
2026-06-11 14:51:54.026 DEBUG [Test worker] org.hibernate.SQL - 
    select
        sr1_0.id,
        sr1_0.created_at,
        sr1_0.update_at,
        sr1_0.customer_code,
        sr1_0.customer_name,
        sr1_0.material_code,
        sr1_0.material_name,
        sr1_0.quantity,
        sr1_0.unit,
        sr1_0.error_payload,
        sr1_0.message,
        sr1_0.retry_count,
        sr1_0.status,
        sr1_0.order_no,
        sr1_0.requested_at,
        sr1_0.shipment_no,
        sr1_0.warehouse_code 
    from
        shipment_request sr1_0 
    where
        sr1_0.id=?
2026-06-11 14:51:54.030 DEBUG [Test worker] org.hibernate.SQL - 
    select
        sr1_0.id,
        sr1_0.created_at,
        sr1_0.update_at,
        sr1_0.customer_code,
        sr1_0.customer_name,
        sr1_0.material_code,
        sr1_0.material_name,
        sr1_0.quantity,
        sr1_0.unit,
        sr1_0.error_payload,
        sr1_0.message,
        sr1_0.retry_count,
        sr1_0.status,
        sr1_0.order_no,
        sr1_0.requested_at,
        sr1_0.shipment_no,
        sr1_0.warehouse_code 
    from
        shipment_request sr1_0
2026-06-11 14:51:54.032 DEBUG [Test worker] org.hibernate.SQL - 
    delete 
    from
        shipment_request 
    where
        id=?
2026-06-11 14:51:54.034 DEBUG [Test worker] org.hibernate.SQL - 
    select
        sr1_0.id 
    from
        shipment_request sr1_0 
    where
        sr1_0.shipment_no=? 
    fetch
        first ? rows only
2026-06-11 14:51:54.034 DEBUG [Test worker] org.hibernate.SQL - 
    insert 
    into
        shipment_request
        (created_at, update_at, customer_code, customer_name, material_code, material_name, quantity, unit, error_payload, message, retry_count, status, order_no, requested_at, shipment_no, warehouse_code, id) 
    values
        (?, ?, ?, ?, ?, ?, ?, ?, ?, ?, ?, ?, ?, ?, ?, ?, default)
2026-06-11 14:51:54.035 DEBUG [Test worker] org.hibernate.SQL - 
    select
        sr1_0.id,
        sr1_0.created_at,
        sr1_0.update_at,
        sr1_0.customer_code,
        sr1_0.customer_name,
        sr1_0.material_code,
        sr1_0.material_name,
        sr1_0.quantity,
        sr1_0.unit,
        sr1_0.error_payload,
        sr1_0.message,
        sr1_0.retry_count,
        sr1_0.status,
        sr1_0.order_no,
        sr1_0.requested_at,
        sr1_0.shipment_no,
        sr1_0.warehouse_code 
    from
        shipment_request sr1_0
2026-06-11 14:51:54.036 DEBUG [Test worker] org.hibernate.SQL - 
    select
        sr1_0.id,
        sr1_0.created_at,
        sr1_0.update_at,
        sr1_0.customer_code,
        sr1_0.customer_name,
        sr1_0.material_code,
        sr1_0.material_name,
        sr1_0.quantity,
        sr1_0.unit,
        sr1_0.error_payload,
        sr1_0.message,
        sr1_0.retry_count,
        sr1_0.status,
        sr1_0.order_no,
        sr1_0.requested_at,
        sr1_0.shipment_no,
        sr1_0.warehouse_code 
    from
        shipment_request sr1_0 
    where
        sr1_0.id=?
2026-06-11 14:51:54.037 DEBUG [Test worker] org.hibernate.SQL - 
    update
        shipment_request 
    set
        created_at=?,
        update_at=?,
        customer_code=?,
        customer_name=?,
        material_code=?,
        material_name=?,
        quantity=?,
        unit=?,
        error_payload=?,
        message=?,
        retry_count=?,
        status=?,
        order_no=?,
        requested_at=?,
        shipment_no=?,
        warehouse_code=? 
    where
        id=?
2026-06-11 14:51:54.038 DEBUG [Test worker] org.hibernate.SQL - 
    select
        sr1_0.id,
        sr1_0.created_at,
        sr1_0.update_at,
        sr1_0.customer_code,
        sr1_0.customer_name,
        sr1_0.material_code,
        sr1_0.material_name,
        sr1_0.quantity,
        sr1_0.unit,
        sr1_0.error_payload,
        sr1_0.message,
        sr1_0.retry_count,
        sr1_0.status,
        sr1_0.order_no,
        sr1_0.requested_at,
        sr1_0.shipment_no,
        sr1_0.warehouse_code 
    from
        shipment_request sr1_0 
    where
        sr1_0.id=?
2026-06-11 14:51:54.048 DEBUG [SpringApplicationShutdownHook] org.hibernate.SQL - 
    drop table if exists shipment_request cascade 
2026-06-11 14:51:54.055 DEBUG [SpringApplicationShutdownHook] org.hibernate.SQL - 
    drop table if exists shipment_request cascade 
2026-06-23 13:18:45.620 DEBUG [Test worker] org.hibernate.SQL - 
    drop table if exists shipment_request cascade 
2026-06-23 13:18:45.630 DEBUG [Test worker] org.hibernate.SQL - 
    create table shipment_request (
        quantity integer,
        retry_count integer,
        created_at timestamp(6),
        id bigint generated by default as identity,
        requested_at timestamp(6),
        update_at timestamp(6),
        customer_code varchar(255),
        customer_name varchar(255),
        error_payload CLOB,
        material_code varchar(255),
        material_name varchar(255),
        message varchar(255),
        order_no varchar(255),
        shipment_no varchar(255),
        unit varchar(255),
        warehouse_code varchar(255),
        status enum ('FAILED','PROCESSING','RECEIVED','SUCCESS'),
        primary key (id)
    )
2026-06-23 13:18:47.240 DEBUG [Test worker] org.hibernate.SQL - 
    select
        sr1_0.id,
        sr1_0.created_at,
        sr1_0.update_at,
        sr1_0.customer_code,
        sr1_0.customer_name,
        sr1_0.material_code,
        sr1_0.material_name,
        sr1_0.quantity,
        sr1_0.unit,
        sr1_0.error_payload,
        sr1_0.message,
        sr1_0.retry_count,
        sr1_0.status,
        sr1_0.order_no,
        sr1_0.requested_at,
        sr1_0.shipment_no,
        sr1_0.warehouse_code 
    from
        shipment_request sr1_0
2026-06-23 13:18:47.240 DEBUG [scheduling-1] org.hibernate.SQL - 
    select
        sr1_0.id,
        sr1_0.created_at,
        sr1_0.update_at,
        sr1_0.customer_code,
        sr1_0.customer_name,
        sr1_0.material_code,
        sr1_0.material_name,
        sr1_0.quantity,
        sr1_0.unit,
        sr1_0.error_payload,
        sr1_0.message,
        sr1_0.retry_count,
        sr1_0.status,
        sr1_0.order_no,
        sr1_0.requested_at,
        sr1_0.shipment_no,
        sr1_0.warehouse_code 
    from
        shipment_request sr1_0 
    where
        sr1_0.status=?
2026-06-23 13:18:47.302 DEBUG [Test worker] org.hibernate.SQL - 
    select
        sr1_0.id 
    from
        shipment_request sr1_0 
    where
        sr1_0.shipment_no=? 
    fetch
        first ? rows only
2026-06-23 13:18:47.331 DEBUG [Test worker] org.hibernate.SQL - 
    insert 
    into
        shipment_request
        (created_at, update_at, customer_code, customer_name, material_code, material_name, quantity, unit, error_payload, message, retry_count, status, order_no, requested_at, shipment_no, warehouse_code, id) 
    values
        (?, ?, ?, ?, ?, ?, ?, ?, ?, ?, ?, ?, ?, ?, ?, ?, default)
2026-06-23 13:18:47.354 DEBUG [Test worker] org.hibernate.SQL - 
    select
        sr1_0.id,
        sr1_0.created_at,
        sr1_0.update_at,
        sr1_0.customer_code,
        sr1_0.customer_name,
        sr1_0.material_code,
        sr1_0.material_name,
        sr1_0.quantity,
        sr1_0.unit,
        sr1_0.error_payload,
        sr1_0.message,
        sr1_0.retry_count,
        sr1_0.status,
        sr1_0.order_no,
        sr1_0.requested_at,
        sr1_0.shipment_no,
        sr1_0.warehouse_code 
    from
        shipment_request sr1_0
2026-06-23 13:18:47.424 DEBUG [Test worker] org.hibernate.SQL - 
    select
        sr1_0.id,
        sr1_0.created_at,
        sr1_0.update_at,
        sr1_0.customer_code,
        sr1_0.customer_name,
        sr1_0.material_code,
        sr1_0.material_name,
        sr1_0.quantity,
        sr1_0.unit,
        sr1_0.error_payload,
        sr1_0.message,
        sr1_0.retry_count,
        sr1_0.status,
        sr1_0.order_no,
        sr1_0.requested_at,
        sr1_0.shipment_no,
        sr1_0.warehouse_code 
    from
        shipment_request sr1_0 
    where
        sr1_0.id=?
2026-06-23 13:18:47.446 DEBUG [Test worker] org.hibernate.SQL - 
    update
        shipment_request 
    set
        created_at=?,
        update_at=?,
        customer_code=?,
        customer_name=?,
        material_code=?,
        material_name=?,
        quantity=?,
        unit=?,
        error_payload=?,
        message=?,
        retry_count=?,
        status=?,
        order_no=?,
        requested_at=?,
        shipment_no=?,
        warehouse_code=? 
    where
        id=?
2026-06-23 13:18:47.572 DEBUG [Test worker] org.hibernate.SQL - 
    select
        sr1_0.id,
        sr1_0.created_at,
        sr1_0.update_at,
        sr1_0.customer_code,
        sr1_0.customer_name,
        sr1_0.material_code,
        sr1_0.material_name,
        sr1_0.quantity,
        sr1_0.unit,
        sr1_0.error_payload,
        sr1_0.message,
        sr1_0.retry_count,
        sr1_0.status,
        sr1_0.order_no,
        sr1_0.requested_at,
        sr1_0.shipment_no,
        sr1_0.warehouse_code 
    from
        shipment_request sr1_0
2026-06-23 13:18:47.578 DEBUG [Test worker] org.hibernate.SQL - 
    delete 
    from
        shipment_request 
    where
        id=?
2026-06-23 13:18:47.581 DEBUG [Test worker] org.hibernate.SQL - 
    select
        sr1_0.id 
    from
        shipment_request sr1_0 
    where
        sr1_0.shipment_no=? 
    fetch
        first ? rows only
2026-06-23 13:18:47.582 DEBUG [Test worker] org.hibernate.SQL - 
    insert 
    into
        shipment_request
        (created_at, update_at, customer_code, customer_name, material_code, material_name, quantity, unit, error_payload, message, retry_count, status, order_no, requested_at, shipment_no, warehouse_code, id) 
    values
        (?, ?, ?, ?, ?, ?, ?, ?, ?, ?, ?, ?, ?, ?, ?, ?, default)
2026-06-23 13:18:47.583 DEBUG [Test worker] org.hibernate.SQL - 
    select
        sr1_0.id,
        sr1_0.created_at,
        sr1_0.update_at,
        sr1_0.customer_code,
        sr1_0.customer_name,
        sr1_0.material_code,
        sr1_0.material_name,
        sr1_0.quantity,
        sr1_0.unit,
        sr1_0.error_payload,
        sr1_0.message,
        sr1_0.retry_count,
        sr1_0.status,
        sr1_0.order_no,
        sr1_0.requested_at,
        sr1_0.shipment_no,
        sr1_0.warehouse_code 
    from
        shipment_request sr1_0
2026-06-23 13:18:47.585 DEBUG [Test worker] org.hibernate.SQL - 
    select
        sr1_0.id,
        sr1_0.created_at,
        sr1_0.update_at,
        sr1_0.customer_code,
        sr1_0.customer_name,
        sr1_0.material_code,
        sr1_0.material_name,
        sr1_0.quantity,
        sr1_0.unit,
        sr1_0.error_payload,
        sr1_0.message,
        sr1_0.retry_count,
        sr1_0.status,
        sr1_0.order_no,
        sr1_0.requested_at,
        sr1_0.shipment_no,
        sr1_0.warehouse_code 
    from
        shipment_request sr1_0 
    where
        sr1_0.id=?
2026-06-23 13:18:47.586 DEBUG [Test worker] org.hibernate.SQL - 
    update
        shipment_request 
    set
        created_at=?,
        update_at=?,
        customer_code=?,
        customer_name=?,
        material_code=?,
        material_name=?,
        quantity=?,
        unit=?,
        error_payload=?,
        message=?,
        retry_count=?,
        status=?,
        order_no=?,
        requested_at=?,
        shipment_no=?,
        warehouse_code=? 
    where
        id=?
2026-06-23 13:18:47.592 DEBUG [Test worker] org.hibernate.SQL - 
    select
        sr1_0.id,
        sr1_0.created_at,
        sr1_0.update_at,
        sr1_0.customer_code,
        sr1_0.customer_name,
        sr1_0.material_code,
        sr1_0.material_name,
        sr1_0.quantity,
        sr1_0.unit,
        sr1_0.error_payload,
        sr1_0.message,
        sr1_0.retry_count,
        sr1_0.status,
        sr1_0.order_no,
        sr1_0.requested_at,
        sr1_0.shipment_no,
        sr1_0.warehouse_code 
    from
        shipment_request sr1_0
2026-06-23 13:18:47.593 DEBUG [Test worker] org.hibernate.SQL - 
    delete 
    from
        shipment_request 
    where
        id=?
2026-06-23 13:18:47.594 DEBUG [Test worker] org.hibernate.SQL - 
    select
        sr1_0.id 
    from
        shipment_request sr1_0 
    where
        sr1_0.shipment_no=? 
    fetch
        first ? rows only
2026-06-23 13:18:47.594 DEBUG [Test worker] org.hibernate.SQL - 
    insert 
    into
        shipment_request
        (created_at, update_at, customer_code, customer_name, material_code, material_name, quantity, unit, error_payload, message, retry_count, status, order_no, requested_at, shipment_no, warehouse_code, id) 
    values
        (?, ?, ?, ?, ?, ?, ?, ?, ?, ?, ?, ?, ?, ?, ?, ?, default)
2026-06-23 13:18:47.596 DEBUG [Test worker] org.hibernate.SQL - 
    select
        sr1_0.id,
        sr1_0.created_at,
        sr1_0.update_at,
        sr1_0.customer_code,
        sr1_0.customer_name,
        sr1_0.material_code,
        sr1_0.material_name,
        sr1_0.quantity,
        sr1_0.unit,
        sr1_0.error_payload,
        sr1_0.message,
        sr1_0.retry_count,
        sr1_0.status,
        sr1_0.order_no,
        sr1_0.requested_at,
        sr1_0.shipment_no,
        sr1_0.warehouse_code 
    from
        shipment_request sr1_0
2026-06-23 13:18:47.597 DEBUG [Test worker] org.hibernate.SQL - 
    select
        sr1_0.id,
        sr1_0.created_at,
        sr1_0.update_at,
        sr1_0.customer_code,
        sr1_0.customer_name,
        sr1_0.material_code,
        sr1_0.material_name,
        sr1_0.quantity,
        sr1_0.unit,
        sr1_0.error_payload,
        sr1_0.message,
        sr1_0.retry_count,
        sr1_0.status,
        sr1_0.order_no,
        sr1_0.requested_at,
        sr1_0.shipment_no,
        sr1_0.warehouse_code 
    from
        shipment_request sr1_0 
    where
        sr1_0.id=?
2026-06-23 13:18:47.608 DEBUG [Test worker] org.hibernate.SQL - 
    select
        sr1_0.id,
        sr1_0.created_at,
        sr1_0.update_at,
        sr1_0.customer_code,
        sr1_0.customer_name,
        sr1_0.material_code,
        sr1_0.material_name,
        sr1_0.quantity,
        sr1_0.unit,
        sr1_0.error_payload,
        sr1_0.message,
        sr1_0.retry_count,
        sr1_0.status,
        sr1_0.order_no,
        sr1_0.requested_at,
        sr1_0.shipment_no,
        sr1_0.warehouse_code 
    from
        shipment_request sr1_0
2026-06-23 13:18:47.610 DEBUG [Test worker] org.hibernate.SQL - 
    delete 
    from
        shipment_request 
    where
        id=?
2026-06-23 13:18:47.612 DEBUG [Test worker] org.hibernate.SQL - 
    select
        sr1_0.id 
    from
        shipment_request sr1_0 
    where
        sr1_0.shipment_no=? 
    fetch
        first ? rows only
2026-06-23 13:18:47.612 DEBUG [Test worker] org.hibernate.SQL - 
    insert 
    into
        shipment_request
        (created_at, update_at, customer_code, customer_name, material_code, material_name, quantity, unit, error_payload, message, retry_count, status, order_no, requested_at, shipment_no, warehouse_code, id) 
    values
        (?, ?, ?, ?, ?, ?, ?, ?, ?, ?, ?, ?, ?, ?, ?, ?, default)
2026-06-23 13:18:47.614 DEBUG [Test worker] org.hibernate.SQL - 
    select
        sr1_0.id,
        sr1_0.created_at,
        sr1_0.update_at,
        sr1_0.customer_code,
        sr1_0.customer_name,
        sr1_0.material_code,
        sr1_0.material_name,
        sr1_0.quantity,
        sr1_0.unit,
        sr1_0.error_payload,
        sr1_0.message,
        sr1_0.retry_count,
        sr1_0.status,
        sr1_0.order_no,
        sr1_0.requested_at,
        sr1_0.shipment_no,
        sr1_0.warehouse_code 
    from
        shipment_request sr1_0
2026-06-23 13:18:47.684 DEBUG [Test worker] org.hibernate.SQL - 
    select
        sr1_0.id,
        sr1_0.created_at,
        sr1_0.update_at,
        sr1_0.customer_code,
        sr1_0.customer_name,
        sr1_0.material_code,
        sr1_0.material_name,
        sr1_0.quantity,
        sr1_0.unit,
        sr1_0.error_payload,
        sr1_0.message,
        sr1_0.retry_count,
        sr1_0.status,
        sr1_0.order_no,
        sr1_0.requested_at,
        sr1_0.shipment_no,
        sr1_0.warehouse_code 
    from
        shipment_request sr1_0 
    where
        sr1_0.id=?
2026-06-23 13:18:47.691 DEBUG [Test worker] org.hibernate.SQL - 
    select
        sr1_0.id,
        sr1_0.created_at,
        sr1_0.update_at,
        sr1_0.customer_code,
        sr1_0.customer_name,
        sr1_0.material_code,
        sr1_0.material_name,
        sr1_0.quantity,
        sr1_0.unit,
        sr1_0.error_payload,
        sr1_0.message,
        sr1_0.retry_count,
        sr1_0.status,
        sr1_0.order_no,
        sr1_0.requested_at,
        sr1_0.shipment_no,
        sr1_0.warehouse_code 
    from
        shipment_request sr1_0
2026-06-23 13:18:47.693 DEBUG [Test worker] org.hibernate.SQL - 
    delete 
    from
        shipment_request 
    where
        id=?
2026-06-23 13:18:47.707 DEBUG [Test worker] org.hibernate.SQL - 
    select
        sr1_0.id 
    from
        shipment_request sr1_0 
    where
        sr1_0.shipment_no=? 
    fetch
        first ? rows only
2026-06-23 13:18:47.708 DEBUG [Test worker] org.hibernate.SQL - 
    insert 
    into
        shipment_request
        (created_at, update_at, customer_code, customer_name, material_code, material_name, quantity, unit, error_payload, message, retry_count, status, order_no, requested_at, shipment_no, warehouse_code, id) 
    values
        (?, ?, ?, ?, ?, ?, ?, ?, ?, ?, ?, ?, ?, ?, ?, ?, default)
2026-06-23 13:18:47.715 DEBUG [Test worker] org.hibernate.SQL - 
    select
        sr1_0.id,
        sr1_0.created_at,
        sr1_0.update_at,
        sr1_0.customer_code,
        sr1_0.customer_name,
        sr1_0.material_code,
        sr1_0.material_name,
        sr1_0.quantity,
        sr1_0.unit,
        sr1_0.error_payload,
        sr1_0.message,
        sr1_0.retry_count,
        sr1_0.status,
        sr1_0.order_no,
        sr1_0.requested_at,
        sr1_0.shipment_no,
        sr1_0.warehouse_code 
    from
        shipment_request sr1_0
2026-06-23 13:18:47.716 DEBUG [Test worker] org.hibernate.SQL - 
    delete 
    from
        shipment_request 
    where
        id=?
2026-06-23 13:18:47.729 DEBUG [Test worker] org.hibernate.SQL - 
    select
        sr1_0.id,
        sr1_0.created_at,
        sr1_0.update_at,
        sr1_0.customer_code,
        sr1_0.customer_name,
        sr1_0.material_code,
        sr1_0.material_name,
        sr1_0.quantity,
        sr1_0.unit,
        sr1_0.error_payload,
        sr1_0.message,
        sr1_0.retry_count,
        sr1_0.status,
        sr1_0.order_no,
        sr1_0.requested_at,
        sr1_0.shipment_no,
        sr1_0.warehouse_code 
    from
        shipment_request sr1_0
2026-06-23 13:18:47.730 DEBUG [Test worker] org.hibernate.SQL - 
    select
        sr1_0.id 
    from
        shipment_request sr1_0 
    where
        sr1_0.shipment_no=? 
    fetch
        first ? rows only
2026-06-23 13:18:47.731 DEBUG [Test worker] org.hibernate.SQL - 
    insert 
    into
        shipment_request
        (created_at, update_at, customer_code, customer_name, material_code, material_name, quantity, unit, error_payload, message, retry_count, status, order_no, requested_at, shipment_no, warehouse_code, id) 
    values
        (?, ?, ?, ?, ?, ?, ?, ?, ?, ?, ?, ?, ?, ?, ?, ?, default)
2026-06-23 13:18:47.733 DEBUG [Test worker] org.hibernate.SQL - 
    select
        sr1_0.id,
        sr1_0.created_at,
        sr1_0.update_at,
        sr1_0.customer_code,
        sr1_0.customer_name,
        sr1_0.material_code,
        sr1_0.material_name,
        sr1_0.quantity,
        sr1_0.unit,
        sr1_0.error_payload,
        sr1_0.message,
        sr1_0.retry_count,
        sr1_0.status,
        sr1_0.order_no,
        sr1_0.requested_at,
        sr1_0.shipment_no,
        sr1_0.warehouse_code 
    from
        shipment_request sr1_0
2026-06-23 13:18:47.734 DEBUG [Test worker] org.hibernate.SQL - 
    select
        sr1_0.id,
        sr1_0.created_at,
        sr1_0.update_at,
        sr1_0.customer_code,
        sr1_0.customer_name,
        sr1_0.material_code,
        sr1_0.material_name,
        sr1_0.quantity,
        sr1_0.unit,
        sr1_0.error_payload,
        sr1_0.message,
        sr1_0.retry_count,
        sr1_0.status,
        sr1_0.order_no,
        sr1_0.requested_at,
        sr1_0.shipment_no,
        sr1_0.warehouse_code 
    from
        shipment_request sr1_0
2026-06-23 13:18:47.747 DEBUG [Test worker] org.hibernate.SQL - 
    select
        sr1_0.id,
        sr1_0.created_at,
        sr1_0.update_at,
        sr1_0.customer_code,
        sr1_0.customer_name,
        sr1_0.material_code,
        sr1_0.material_name,
        sr1_0.quantity,
        sr1_0.unit,
        sr1_0.error_payload,
        sr1_0.message,
        sr1_0.retry_count,
        sr1_0.status,
        sr1_0.order_no,
        sr1_0.requested_at,
        sr1_0.shipment_no,
        sr1_0.warehouse_code 
    from
        shipment_request sr1_0
2026-06-23 13:18:47.748 DEBUG [Test worker] org.hibernate.SQL - 
    delete 
    from
        shipment_request 
    where
        id=?
2026-06-23 13:18:47.749 DEBUG [Test worker] org.hibernate.SQL - 
    select
        sr1_0.id 
    from
        shipment_request sr1_0 
    where
        sr1_0.shipment_no=? 
    fetch
        first ? rows only
2026-06-23 13:18:47.750 DEBUG [Test worker] org.hibernate.SQL - 
    insert 
    into
        shipment_request
        (created_at, update_at, customer_code, customer_name, material_code, material_name, quantity, unit, error_payload, message, retry_count, status, order_no, requested_at, shipment_no, warehouse_code, id) 
    values
        (?, ?, ?, ?, ?, ?, ?, ?, ?, ?, ?, ?, ?, ?, ?, ?, default)
2026-06-23 13:18:47.751 DEBUG [Test worker] org.hibernate.SQL - 
    select
        sr1_0.id,
        sr1_0.created_at,
        sr1_0.update_at,
        sr1_0.customer_code,
        sr1_0.customer_name,
        sr1_0.material_code,
        sr1_0.material_name,
        sr1_0.quantity,
        sr1_0.unit,
        sr1_0.error_payload,
        sr1_0.message,
        sr1_0.retry_count,
        sr1_0.status,
        sr1_0.order_no,
        sr1_0.requested_at,
        sr1_0.shipment_no,
        sr1_0.warehouse_code 
    from
        shipment_request sr1_0
2026-06-23 13:18:47.752 DEBUG [Test worker] org.hibernate.SQL - 
    select
        sr1_0.id,
        sr1_0.created_at,
        sr1_0.update_at,
        sr1_0.customer_code,
        sr1_0.customer_name,
        sr1_0.material_code,
        sr1_0.material_name,
        sr1_0.quantity,
        sr1_0.unit,
        sr1_0.error_payload,
        sr1_0.message,
        sr1_0.retry_count,
        sr1_0.status,
        sr1_0.order_no,
        sr1_0.requested_at,
        sr1_0.shipment_no,
        sr1_0.warehouse_code 
    from
        shipment_request sr1_0 
    where
        sr1_0.id=?
2026-06-23 13:18:47.753 DEBUG [Test worker] org.hibernate.SQL - 
    update
        shipment_request 
    set
        created_at=?,
        update_at=?,
        customer_code=?,
        customer_name=?,
        material_code=?,
        material_name=?,
        quantity=?,
        unit=?,
        error_payload=?,
        message=?,
        retry_count=?,
        status=?,
        order_no=?,
        requested_at=?,
        shipment_no=?,
        warehouse_code=? 
    where
        id=?
2026-06-23 13:18:47.754 DEBUG [Test worker] org.hibernate.SQL - 
    select
        sr1_0.id,
        sr1_0.created_at,
        sr1_0.update_at,
        sr1_0.customer_code,
        sr1_0.customer_name,
        sr1_0.material_code,
        sr1_0.material_name,
        sr1_0.quantity,
        sr1_0.unit,
        sr1_0.error_payload,
        sr1_0.message,
        sr1_0.retry_count,
        sr1_0.status,
        sr1_0.order_no,
        sr1_0.requested_at,
        sr1_0.shipment_no,
        sr1_0.warehouse_code 
    from
        shipment_request sr1_0 
    where
        sr1_0.id=?
2026-06-23 13:18:48.195 DEBUG [Test worker] org.hibernate.SQL - 
    drop table if exists shipment_request cascade 
2026-06-23 13:18:48.197 DEBUG [Test worker] org.hibernate.SQL - 
    create table shipment_request (
        quantity integer,
        retry_count integer,
        created_at timestamp(6),
        id bigint generated by default as identity,
        requested_at timestamp(6),
        update_at timestamp(6),
        customer_code varchar(255),
        customer_name varchar(255),
        error_payload CLOB,
        material_code varchar(255),
        material_name varchar(255),
        message varchar(255),
        order_no varchar(255),
        shipment_no varchar(255),
        unit varchar(255),
        warehouse_code varchar(255),
        status enum ('FAILED','PROCESSING','RECEIVED','SUCCESS'),
        primary key (id)
    )
2026-06-23 13:18:48.361 DEBUG [scheduling-1] org.hibernate.SQL - 
    select
        sr1_0.id,
        sr1_0.created_at,
        sr1_0.update_at,
        sr1_0.customer_code,
        sr1_0.customer_name,
        sr1_0.material_code,
        sr1_0.material_name,
        sr1_0.quantity,
        sr1_0.unit,
        sr1_0.error_payload,
        sr1_0.message,
        sr1_0.retry_count,
        sr1_0.status,
        sr1_0.order_no,
        sr1_0.requested_at,
        sr1_0.shipment_no,
        sr1_0.warehouse_code 
    from
        shipment_request sr1_0 
    where
        sr1_0.status=?
2026-06-23 13:18:48.363 DEBUG [Test worker] org.hibernate.SQL - 
    select
        sr1_0.id,
        sr1_0.created_at,
        sr1_0.update_at,
        sr1_0.customer_code,
        sr1_0.customer_name,
        sr1_0.material_code,
        sr1_0.material_name,
        sr1_0.quantity,
        sr1_0.unit,
        sr1_0.error_payload,
        sr1_0.message,
        sr1_0.retry_count,
        sr1_0.status,
        sr1_0.order_no,
        sr1_0.requested_at,
        sr1_0.shipment_no,
        sr1_0.warehouse_code 
    from
        shipment_request sr1_0
2026-06-23 13:18:48.411 DEBUG [Test worker] org.hibernate.SQL - 
    select
        sr1_0.id,
        sr1_0.created_at,
        sr1_0.update_at,
        sr1_0.customer_code,
        sr1_0.customer_name,
        sr1_0.material_code,
        sr1_0.material_name,
        sr1_0.quantity,
        sr1_0.unit,
        sr1_0.error_payload,
        sr1_0.message,
        sr1_0.retry_count,
        sr1_0.status,
        sr1_0.order_no,
        sr1_0.requested_at,
        sr1_0.shipment_no,
        sr1_0.warehouse_code 
    from
        shipment_request sr1_0 
    where
        sr1_0.id=?
2026-06-23 13:18:48.428 DEBUG [Test worker] org.hibernate.SQL - 
    select
        sr1_0.id,
        sr1_0.created_at,
        sr1_0.update_at,
        sr1_0.customer_code,
        sr1_0.customer_name,
        sr1_0.material_code,
        sr1_0.material_name,
        sr1_0.quantity,
        sr1_0.unit,
        sr1_0.error_payload,
        sr1_0.message,
        sr1_0.retry_count,
        sr1_0.status,
        sr1_0.order_no,
        sr1_0.requested_at,
        sr1_0.shipment_no,
        sr1_0.warehouse_code 
    from
        shipment_request sr1_0
2026-06-23 13:18:48.430 DEBUG [Test worker] org.hibernate.SQL - 
    select
        sr1_0.id 
    from
        shipment_request sr1_0 
    where
        sr1_0.shipment_no=? 
    fetch
        first ? rows only
2026-06-23 13:18:48.431 DEBUG [Test worker] org.hibernate.SQL - 
    insert 
    into
        shipment_request
        (created_at, update_at, customer_code, customer_name, material_code, material_name, quantity, unit, error_payload, message, retry_count, status, order_no, requested_at, shipment_no, warehouse_code, id) 
    values
        (?, ?, ?, ?, ?, ?, ?, ?, ?, ?, ?, ?, ?, ?, ?, ?, default)
2026-06-23 13:18:48.685 DEBUG [Test worker] org.hibernate.SQL - 
    select
        count(*) 
    from
        shipment_request sr1_0
2026-06-23 13:18:48.690 DEBUG [Test worker] org.hibernate.SQL - 
    select
        sr1_0.id,
        sr1_0.created_at,
        sr1_0.update_at,
        sr1_0.customer_code,
        sr1_0.customer_name,
        sr1_0.material_code,
        sr1_0.material_name,
        sr1_0.quantity,
        sr1_0.unit,
        sr1_0.error_payload,
        sr1_0.message,
        sr1_0.retry_count,
        sr1_0.status,
        sr1_0.order_no,
        sr1_0.requested_at,
        sr1_0.shipment_no,
        sr1_0.warehouse_code 
    from
        shipment_request sr1_0
2026-06-23 13:18:48.708 DEBUG [Test worker] org.hibernate.SQL - 
    select
        sr1_0.id,
        sr1_0.created_at,
        sr1_0.update_at,
        sr1_0.customer_code,
        sr1_0.customer_name,
        sr1_0.material_code,
        sr1_0.material_name,
        sr1_0.quantity,
        sr1_0.unit,
        sr1_0.error_payload,
        sr1_0.message,
        sr1_0.retry_count,
        sr1_0.status,
        sr1_0.order_no,
        sr1_0.requested_at,
        sr1_0.shipment_no,
        sr1_0.warehouse_code 
    from
        shipment_request sr1_0
2026-06-23 13:18:48.710 DEBUG [Test worker] org.hibernate.SQL - 
    delete 
    from
        shipment_request 
    where
        id=?
2026-06-23 13:18:48.711 DEBUG [Test worker] org.hibernate.SQL - 
    select
        sr1_0.id 
    from
        shipment_request sr1_0 
    where
        sr1_0.shipment_no=? 
    fetch
        first ? rows only
2026-06-23 13:18:48.712 DEBUG [Test worker] org.hibernate.SQL - 
    insert 
    into
        shipment_request
        (created_at, update_at, customer_code, customer_name, material_code, material_name, quantity, unit, error_payload, message, retry_count, status, order_no, requested_at, shipment_no, warehouse_code, id) 
    values
        (?, ?, ?, ?, ?, ?, ?, ?, ?, ?, ?, ?, ?, ?, ?, ?, default)
2026-06-23 13:18:48.713 DEBUG [Test worker] org.hibernate.SQL - 
    select
        sr1_0.id,
        sr1_0.created_at,
        sr1_0.update_at,
        sr1_0.customer_code,
        sr1_0.customer_name,
        sr1_0.material_code,
        sr1_0.material_name,
        sr1_0.quantity,
        sr1_0.unit,
        sr1_0.error_payload,
        sr1_0.message,
        sr1_0.retry_count,
        sr1_0.status,
        sr1_0.order_no,
        sr1_0.requested_at,
        sr1_0.shipment_no,
        sr1_0.warehouse_code 
    from
        shipment_request sr1_0
2026-06-23 13:18:48.714 DEBUG [Test worker] org.hibernate.SQL - 
    select
        sr1_0.id,
        sr1_0.created_at,
        sr1_0.update_at,
        sr1_0.customer_code,
        sr1_0.customer_name,
        sr1_0.material_code,
        sr1_0.material_name,
        sr1_0.quantity,
        sr1_0.unit,
        sr1_0.error_payload,
        sr1_0.message,
        sr1_0.retry_count,
        sr1_0.status,
        sr1_0.order_no,
        sr1_0.requested_at,
        sr1_0.shipment_no,
        sr1_0.warehouse_code 
    from
        shipment_request sr1_0 
    where
        sr1_0.id=?
2026-06-23 13:18:48.715 DEBUG [Test worker] org.hibernate.SQL - 
    update
        shipment_request 
    set
        created_at=?,
        update_at=?,
        customer_code=?,
        customer_name=?,
        material_code=?,
        material_name=?,
        quantity=?,
        unit=?,
        error_payload=?,
        message=?,
        retry_count=?,
        status=?,
        order_no=?,
        requested_at=?,
        shipment_no=?,
        warehouse_code=? 
    where
        id=?
2026-06-23 13:18:48.721 DEBUG [Test worker] org.hibernate.SQL - 
    select
        sr1_0.id,
        sr1_0.created_at,
        sr1_0.update_at,
        sr1_0.customer_code,
        sr1_0.customer_name,
        sr1_0.material_code,
        sr1_0.material_name,
        sr1_0.quantity,
        sr1_0.unit,
        sr1_0.error_payload,
        sr1_0.message,
        sr1_0.retry_count,
        sr1_0.status,
        sr1_0.order_no,
        sr1_0.requested_at,
        sr1_0.shipment_no,
        sr1_0.warehouse_code 
    from
        shipment_request sr1_0
2026-06-23 13:18:48.724 DEBUG [Test worker] org.hibernate.SQL - 
    delete 
    from
        shipment_request 
    where
        id=?
2026-06-23 13:18:48.725 DEBUG [Test worker] org.hibernate.SQL - 
    select
        sr1_0.id 
    from
        shipment_request sr1_0 
    where
        sr1_0.shipment_no=? 
    fetch
        first ? rows only
2026-06-23 13:18:48.726 DEBUG [Test worker] org.hibernate.SQL - 
    insert 
    into
        shipment_request
        (created_at, update_at, customer_code, customer_name, material_code, material_name, quantity, unit, error_payload, message, retry_count, status, order_no, requested_at, shipment_no, warehouse_code, id) 
    values
        (?, ?, ?, ?, ?, ?, ?, ?, ?, ?, ?, ?, ?, ?, ?, ?, default)
2026-06-23 13:18:48.728 DEBUG [Test worker] org.hibernate.SQL - 
    select
        sr1_0.id,
        sr1_0.created_at,
        sr1_0.update_at,
        sr1_0.customer_code,
        sr1_0.customer_name,
        sr1_0.material_code,
        sr1_0.material_name,
        sr1_0.quantity,
        sr1_0.unit,
        sr1_0.error_payload,
        sr1_0.message,
        sr1_0.retry_count,
        sr1_0.status,
        sr1_0.order_no,
        sr1_0.requested_at,
        sr1_0.shipment_no,
        sr1_0.warehouse_code 
    from
        shipment_request sr1_0
2026-06-23 13:18:48.729 DEBUG [Test worker] org.hibernate.SQL - 
    select
        sr1_0.id,
        sr1_0.created_at,
        sr1_0.update_at,
        sr1_0.customer_code,
        sr1_0.customer_name,
        sr1_0.material_code,
        sr1_0.material_name,
        sr1_0.quantity,
        sr1_0.unit,
        sr1_0.error_payload,
        sr1_0.message,
        sr1_0.retry_count,
        sr1_0.status,
        sr1_0.order_no,
        sr1_0.requested_at,
        sr1_0.shipment_no,
        sr1_0.warehouse_code 
    from
        shipment_request sr1_0 
    where
        sr1_0.id=?
2026-06-23 13:18:48.734 DEBUG [Test worker] org.hibernate.SQL - 
    select
        sr1_0.id,
        sr1_0.created_at,
        sr1_0.update_at,
        sr1_0.customer_code,
        sr1_0.customer_name,
        sr1_0.material_code,
        sr1_0.material_name,
        sr1_0.quantity,
        sr1_0.unit,
        sr1_0.error_payload,
        sr1_0.message,
        sr1_0.retry_count,
        sr1_0.status,
        sr1_0.order_no,
        sr1_0.requested_at,
        sr1_0.shipment_no,
        sr1_0.warehouse_code 
    from
        shipment_request sr1_0
2026-06-23 13:18:48.735 DEBUG [Test worker] org.hibernate.SQL - 
    delete 
    from
        shipment_request 
    where
        id=?
2026-06-23 13:18:48.737 DEBUG [Test worker] org.hibernate.SQL - 
    select
        sr1_0.id 
    from
        shipment_request sr1_0 
    where
        sr1_0.shipment_no=? 
    fetch
        first ? rows only
2026-06-23 13:18:48.738 DEBUG [Test worker] org.hibernate.SQL - 
    insert 
    into
        shipment_request
        (created_at, update_at, customer_code, customer_name, material_code, material_name, quantity, unit, error_payload, message, retry_count, status, order_no, requested_at, shipment_no, warehouse_code, id) 
    values
        (?, ?, ?, ?, ?, ?, ?, ?, ?, ?, ?, ?, ?, ?, ?, ?, default)
2026-06-23 13:18:48.739 DEBUG [Test worker] org.hibernate.SQL - 
    select
        sr1_0.id,
        sr1_0.created_at,
        sr1_0.update_at,
        sr1_0.customer_code,
        sr1_0.customer_name,
        sr1_0.material_code,
        sr1_0.material_name,
        sr1_0.quantity,
        sr1_0.unit,
        sr1_0.error_payload,
        sr1_0.message,
        sr1_0.retry_count,
        sr1_0.status,
        sr1_0.order_no,
        sr1_0.requested_at,
        sr1_0.shipment_no,
        sr1_0.warehouse_code 
    from
        shipment_request sr1_0
2026-06-23 13:18:48.741 DEBUG [Test worker] org.hibernate.SQL - 
    select
        sr1_0.id,
        sr1_0.created_at,
        sr1_0.update_at,
        sr1_0.customer_code,
        sr1_0.customer_name,
        sr1_0.material_code,
        sr1_0.material_name,
        sr1_0.quantity,
        sr1_0.unit,
        sr1_0.error_payload,
        sr1_0.message,
        sr1_0.retry_count,
        sr1_0.status,
        sr1_0.order_no,
        sr1_0.requested_at,
        sr1_0.shipment_no,
        sr1_0.warehouse_code 
    from
        shipment_request sr1_0 
    where
        sr1_0.id=?
2026-06-23 13:18:48.742 DEBUG [Test worker] org.hibernate.SQL - 
    update
        shipment_request 
    set
        created_at=?,
        update_at=?,
        customer_code=?,
        customer_name=?,
        material_code=?,
        material_name=?,
        quantity=?,
        unit=?,
        error_payload=?,
        message=?,
        retry_count=?,
        status=?,
        order_no=?,
        requested_at=?,
        shipment_no=?,
        warehouse_code=? 
    where
        id=?
2026-06-23 13:18:48.747 DEBUG [Test worker] org.hibernate.SQL - 
    select
        sr1_0.id,
        sr1_0.created_at,
        sr1_0.update_at,
        sr1_0.customer_code,
        sr1_0.customer_name,
        sr1_0.material_code,
        sr1_0.material_name,
        sr1_0.quantity,
        sr1_0.unit,
        sr1_0.error_payload,
        sr1_0.message,
        sr1_0.retry_count,
        sr1_0.status,
        sr1_0.order_no,
        sr1_0.requested_at,
        sr1_0.shipment_no,
        sr1_0.warehouse_code 
    from
        shipment_request sr1_0
2026-06-23 13:18:48.748 DEBUG [Test worker] org.hibernate.SQL - 
    delete 
    from
        shipment_request 
    where
        id=?
2026-06-23 13:18:48.749 DEBUG [Test worker] org.hibernate.SQL - 
    select
        sr1_0.id 
    from
        shipment_request sr1_0 
    where
        sr1_0.shipment_no=? 
    fetch
        first ? rows only
2026-06-23 13:18:48.750 DEBUG [Test worker] org.hibernate.SQL - 
    insert 
    into
        shipment_request
        (created_at, update_at, customer_code, customer_name, material_code, material_name, quantity, unit, error_payload, message, retry_count, status, order_no, requested_at, shipment_no, warehouse_code, id) 
    values
        (?, ?, ?, ?, ?, ?, ?, ?, ?, ?, ?, ?, ?, ?, ?, ?, default)
2026-06-23 13:18:48.752 DEBUG [Test worker] org.hibernate.SQL - 
    select
        sr1_0.id,
        sr1_0.created_at,
        sr1_0.update_at,
        sr1_0.customer_code,
        sr1_0.customer_name,
        sr1_0.material_code,
        sr1_0.material_name,
        sr1_0.quantity,
        sr1_0.unit,
        sr1_0.error_payload,
        sr1_0.message,
        sr1_0.retry_count,
        sr1_0.status,
        sr1_0.order_no,
        sr1_0.requested_at,
        sr1_0.shipment_no,
        sr1_0.warehouse_code 
    from
        shipment_request sr1_0
2026-06-23 13:18:48.753 DEBUG [Test worker] org.hibernate.SQL - 
    select
        sr1_0.id,
        sr1_0.created_at,
        sr1_0.update_at,
        sr1_0.customer_code,
        sr1_0.customer_name,
        sr1_0.material_code,
        sr1_0.material_name,
        sr1_0.quantity,
        sr1_0.unit,
        sr1_0.error_payload,
        sr1_0.message,
        sr1_0.retry_count,
        sr1_0.status,
        sr1_0.order_no,
        sr1_0.requested_at,
        sr1_0.shipment_no,
        sr1_0.warehouse_code 
    from
        shipment_request sr1_0 
    where
        sr1_0.id=?
2026-06-23 13:18:48.757 DEBUG [Test worker] org.hibernate.SQL - 
    select
        sr1_0.id,
        sr1_0.created_at,
        sr1_0.update_at,
        sr1_0.customer_code,
        sr1_0.customer_name,
        sr1_0.material_code,
        sr1_0.material_name,
        sr1_0.quantity,
        sr1_0.unit,
        sr1_0.error_payload,
        sr1_0.message,
        sr1_0.retry_count,
        sr1_0.status,
        sr1_0.order_no,
        sr1_0.requested_at,
        sr1_0.shipment_no,
        sr1_0.warehouse_code 
    from
        shipment_request sr1_0
2026-06-23 13:18:48.758 DEBUG [Test worker] org.hibernate.SQL - 
    delete 
    from
        shipment_request 
    where
        id=?
2026-06-23 13:18:48.759 DEBUG [Test worker] org.hibernate.SQL - 
    select
        sr1_0.id 
    from
        shipment_request sr1_0 
    where
        sr1_0.shipment_no=? 
    fetch
        first ? rows only
2026-06-23 13:18:48.760 DEBUG [Test worker] org.hibernate.SQL - 
    insert 
    into
        shipment_request
        (created_at, update_at, customer_code, customer_name, material_code, material_name, quantity, unit, error_payload, message, retry_count, status, order_no, requested_at, shipment_no, warehouse_code, id) 
    values
        (?, ?, ?, ?, ?, ?, ?, ?, ?, ?, ?, ?, ?, ?, ?, ?, default)
2026-06-23 13:18:48.761 DEBUG [Test worker] org.hibernate.SQL - 
    select
        sr1_0.id,
        sr1_0.created_at,
        sr1_0.update_at,
        sr1_0.customer_code,
        sr1_0.customer_name,
        sr1_0.material_code,
        sr1_0.material_name,
        sr1_0.quantity,
        sr1_0.unit,
        sr1_0.error_payload,
        sr1_0.message,
        sr1_0.retry_count,
        sr1_0.status,
        sr1_0.order_no,
        sr1_0.requested_at,
        sr1_0.shipment_no,
        sr1_0.warehouse_code 
    from
        shipment_request sr1_0
2026-06-23 13:18:48.762 DEBUG [Test worker] org.hibernate.SQL - 
    select
        sr1_0.id,
        sr1_0.created_at,
        sr1_0.update_at,
        sr1_0.customer_code,
        sr1_0.customer_name,
        sr1_0.material_code,
        sr1_0.material_name,
        sr1_0.quantity,
        sr1_0.unit,
        sr1_0.error_payload,
        sr1_0.message,
        sr1_0.retry_count,
        sr1_0.status,
        sr1_0.order_no,
        sr1_0.requested_at,
        sr1_0.shipment_no,
        sr1_0.warehouse_code 
    from
        shipment_request sr1_0 
    where
        sr1_0.id=?
2026-06-23 13:18:48.763 DEBUG [Test worker] org.hibernate.SQL - 
    update
        shipment_request 
    set
        created_at=?,
        update_at=?,
        customer_code=?,
        customer_name=?,
        material_code=?,
        material_name=?,
        quantity=?,
        unit=?,
        error_payload=?,
        message=?,
        retry_count=?,
        status=?,
        order_no=?,
        requested_at=?,
        shipment_no=?,
        warehouse_code=? 
    where
        id=?
2026-06-23 13:18:48.763 DEBUG [Test worker] org.hibernate.SQL - 
    select
        sr1_0.id,
        sr1_0.created_at,
        sr1_0.update_at,
        sr1_0.customer_code,
        sr1_0.customer_name,
        sr1_0.material_code,
        sr1_0.material_name,
        sr1_0.quantity,
        sr1_0.unit,
        sr1_0.error_payload,
        sr1_0.message,
        sr1_0.retry_count,
        sr1_0.status,
        sr1_0.order_no,
        sr1_0.requested_at,
        sr1_0.shipment_no,
        sr1_0.warehouse_code 
    from
        shipment_request sr1_0 
    where
        sr1_0.id=?
2026-06-23 13:18:48.764 DEBUG [Test worker] org.hibernate.SQL - 
    update
        shipment_request 
    set
        created_at=?,
        update_at=?,
        customer_code=?,
        customer_name=?,
        material_code=?,
        material_name=?,
        quantity=?,
        unit=?,
        error_payload=?,
        message=?,
        retry_count=?,
        status=?,
        order_no=?,
        requested_at=?,
        shipment_no=?,
        warehouse_code=? 
    where
        id=?
2026-06-23 13:18:48.767 DEBUG [Test worker] org.hibernate.SQL - 
    select
        sr1_0.id,
        sr1_0.created_at,
        sr1_0.update_at,
        sr1_0.customer_code,
        sr1_0.customer_name,
        sr1_0.material_code,
        sr1_0.material_name,
        sr1_0.quantity,
        sr1_0.unit,
        sr1_0.error_payload,
        sr1_0.message,
        sr1_0.retry_count,
        sr1_0.status,
        sr1_0.order_no,
        sr1_0.requested_at,
        sr1_0.shipment_no,
        sr1_0.warehouse_code 
    from
        shipment_request sr1_0
2026-06-23 13:18:48.769 DEBUG [Test worker] org.hibernate.SQL - 
    delete 
    from
        shipment_request 
    where
        id=?
2026-06-23 13:18:48.770 DEBUG [Test worker] org.hibernate.SQL - 
    select
        sr1_0.id 
    from
        shipment_request sr1_0 
    where
        sr1_0.shipment_no=? 
    fetch
        first ? rows only
2026-06-23 13:18:48.771 DEBUG [Test worker] org.hibernate.SQL - 
    insert 
    into
        shipment_request
        (created_at, update_at, customer_code, customer_name, material_code, material_name, quantity, unit, error_payload, message, retry_count, status, order_no, requested_at, shipment_no, warehouse_code, id) 
    values
        (?, ?, ?, ?, ?, ?, ?, ?, ?, ?, ?, ?, ?, ?, ?, ?, default)
2026-06-23 13:18:48.772 DEBUG [Test worker] org.hibernate.SQL - 
    select
        sr1_0.id,
        sr1_0.created_at,
        sr1_0.update_at,
        sr1_0.customer_code,
        sr1_0.customer_name,
        sr1_0.material_code,
        sr1_0.material_name,
        sr1_0.quantity,
        sr1_0.unit,
        sr1_0.error_payload,
        sr1_0.message,
        sr1_0.retry_count,
        sr1_0.status,
        sr1_0.order_no,
        sr1_0.requested_at,
        sr1_0.shipment_no,
        sr1_0.warehouse_code 
    from
        shipment_request sr1_0
2026-06-23 13:18:48.774 DEBUG [Test worker] org.hibernate.SQL - 
    select
        sr1_0.id,
        sr1_0.created_at,
        sr1_0.update_at,
        sr1_0.customer_code,
        sr1_0.customer_name,
        sr1_0.material_code,
        sr1_0.material_name,
        sr1_0.quantity,
        sr1_0.unit,
        sr1_0.error_payload,
        sr1_0.message,
        sr1_0.retry_count,
        sr1_0.status,
        sr1_0.order_no,
        sr1_0.requested_at,
        sr1_0.shipment_no,
        sr1_0.warehouse_code 
    from
        shipment_request sr1_0 
    where
        sr1_0.id=?
2026-06-23 13:18:48.775 DEBUG [Test worker] org.hibernate.SQL - 
    update
        shipment_request 
    set
        created_at=?,
        update_at=?,
        customer_code=?,
        customer_name=?,
        material_code=?,
        material_name=?,
        quantity=?,
        unit=?,
        error_payload=?,
        message=?,
        retry_count=?,
        status=?,
        order_no=?,
        requested_at=?,
        shipment_no=?,
        warehouse_code=? 
    where
        id=?
2026-06-23 13:18:48.776 DEBUG [Test worker] org.hibernate.SQL - 
    select
        sr1_0.id,
        sr1_0.created_at,
        sr1_0.update_at,
        sr1_0.customer_code,
        sr1_0.customer_name,
        sr1_0.material_code,
        sr1_0.material_name,
        sr1_0.quantity,
        sr1_0.unit,
        sr1_0.error_payload,
        sr1_0.message,
        sr1_0.retry_count,
        sr1_0.status,
        sr1_0.order_no,
        sr1_0.requested_at,
        sr1_0.shipment_no,
        sr1_0.warehouse_code 
    from
        shipment_request sr1_0 
    where
        sr1_0.id=?
2026-06-23 13:18:48.776 DEBUG [Test worker] org.hibernate.SQL - 
    update
        shipment_request 
    set
        created_at=?,
        update_at=?,
        customer_code=?,
        customer_name=?,
        material_code=?,
        material_name=?,
        quantity=?,
        unit=?,
        error_payload=?,
        message=?,
        retry_count=?,
        status=?,
        order_no=?,
        requested_at=?,
        shipment_no=?,
        warehouse_code=? 
    where
        id=?
2026-06-23 13:18:48.777 DEBUG [Test worker] org.hibernate.SQL - 
    select
        sr1_0.id,
        sr1_0.created_at,
        sr1_0.update_at,
        sr1_0.customer_code,
        sr1_0.customer_name,
        sr1_0.material_code,
        sr1_0.material_name,
        sr1_0.quantity,
        sr1_0.unit,
        sr1_0.error_payload,
        sr1_0.message,
        sr1_0.retry_count,
        sr1_0.status,
        sr1_0.order_no,
        sr1_0.requested_at,
        sr1_0.shipment_no,
        sr1_0.warehouse_code 
    from
        shipment_request sr1_0 
    where
        sr1_0.id=?
2026-06-23 13:18:48.778 DEBUG [Test worker] org.hibernate.SQL - 
    select
        sr1_0.id,
        sr1_0.created_at,
        sr1_0.update_at,
        sr1_0.customer_code,
        sr1_0.customer_name,
        sr1_0.material_code,
        sr1_0.material_name,
        sr1_0.quantity,
        sr1_0.unit,
        sr1_0.error_payload,
        sr1_0.message,
        sr1_0.retry_count,
        sr1_0.status,
        sr1_0.order_no,
        sr1_0.requested_at,
        sr1_0.shipment_no,
        sr1_0.warehouse_code 
    from
        shipment_request sr1_0 
    where
        sr1_0.id=?
2026-06-23 13:18:48.781 DEBUG [Test worker] org.hibernate.SQL - 
    select
        sr1_0.id,
        sr1_0.created_at,
        sr1_0.update_at,
        sr1_0.customer_code,
        sr1_0.customer_name,
        sr1_0.material_code,
        sr1_0.material_name,
        sr1_0.quantity,
        sr1_0.unit,
        sr1_0.error_payload,
        sr1_0.message,
        sr1_0.retry_count,
        sr1_0.status,
        sr1_0.order_no,
        sr1_0.requested_at,
        sr1_0.shipment_no,
        sr1_0.warehouse_code 
    from
        shipment_request sr1_0
2026-06-23 13:18:48.782 DEBUG [Test worker] org.hibernate.SQL - 
    delete 
    from
        shipment_request 
    where
        id=?
2026-06-23 13:18:48.783 DEBUG [Test worker] org.hibernate.SQL - 
    select
        sr1_0.id 
    from
        shipment_request sr1_0 
    where
        sr1_0.shipment_no=? 
    fetch
        first ? rows only
2026-06-23 13:18:48.784 DEBUG [Test worker] org.hibernate.SQL - 
    insert 
    into
        shipment_request
        (created_at, update_at, customer_code, customer_name, material_code, material_name, quantity, unit, error_payload, message, retry_count, status, order_no, requested_at, shipment_no, warehouse_code, id) 
    values
        (?, ?, ?, ?, ?, ?, ?, ?, ?, ?, ?, ?, ?, ?, ?, ?, default)
2026-06-23 13:18:48.784 DEBUG [Test worker] org.hibernate.SQL - 
    select
        sr1_0.id,
        sr1_0.created_at,
        sr1_0.update_at,
        sr1_0.customer_code,
        sr1_0.customer_name,
        sr1_0.material_code,
        sr1_0.material_name,
        sr1_0.quantity,
        sr1_0.unit,
        sr1_0.error_payload,
        sr1_0.message,
        sr1_0.retry_count,
        sr1_0.status,
        sr1_0.order_no,
        sr1_0.requested_at,
        sr1_0.shipment_no,
        sr1_0.warehouse_code 
    from
        shipment_request sr1_0
2026-06-23 13:18:48.785 DEBUG [Test worker] org.hibernate.SQL - 
    select
        sr1_0.id,
        sr1_0.created_at,
        sr1_0.update_at,
        sr1_0.customer_code,
        sr1_0.customer_name,
        sr1_0.material_code,
        sr1_0.material_name,
        sr1_0.quantity,
        sr1_0.unit,
        sr1_0.error_payload,
        sr1_0.message,
        sr1_0.retry_count,
        sr1_0.status,
        sr1_0.order_no,
        sr1_0.requested_at,
        sr1_0.shipment_no,
        sr1_0.warehouse_code 
    from
        shipment_request sr1_0 
    where
        sr1_0.id=?
2026-06-23 13:18:48.788 DEBUG [Test worker] org.hibernate.SQL - 
    select
        sr1_0.id,
        sr1_0.created_at,
        sr1_0.update_at,
        sr1_0.customer_code,
        sr1_0.customer_name,
        sr1_0.material_code,
        sr1_0.material_name,
        sr1_0.quantity,
        sr1_0.unit,
        sr1_0.error_payload,
        sr1_0.message,
        sr1_0.retry_count,
        sr1_0.status,
        sr1_0.order_no,
        sr1_0.requested_at,
        sr1_0.shipment_no,
        sr1_0.warehouse_code 
    from
        shipment_request sr1_0
2026-06-23 13:18:48.789 DEBUG [Test worker] org.hibernate.SQL - 
    delete 
    from
        shipment_request 
    where
        id=?
2026-06-23 13:18:48.790 DEBUG [Test worker] org.hibernate.SQL - 
    select
        sr1_0.id 
    from
        shipment_request sr1_0 
    where
        sr1_0.shipment_no=? 
    fetch
        first ? rows only
2026-06-23 13:18:48.790 DEBUG [Test worker] org.hibernate.SQL - 
    insert 
    into
        shipment_request
        (created_at, update_at, customer_code, customer_name, material_code, material_name, quantity, unit, error_payload, message, retry_count, status, order_no, requested_at, shipment_no, warehouse_code, id) 
    values
        (?, ?, ?, ?, ?, ?, ?, ?, ?, ?, ?, ?, ?, ?, ?, ?, default)
2026-06-23 13:18:48.792 DEBUG [Test worker] org.hibernate.SQL - 
    select
        sr1_0.id 
    from
        shipment_request sr1_0 
    where
        sr1_0.shipment_no=? 
    fetch
        first ? rows only
2026-06-23 13:18:48.795 DEBUG [Test worker] org.hibernate.SQL - 
    select
        sr1_0.id,
        sr1_0.created_at,
        sr1_0.update_at,
        sr1_0.customer_code,
        sr1_0.customer_name,
        sr1_0.material_code,
        sr1_0.material_name,
        sr1_0.quantity,
        sr1_0.unit,
        sr1_0.error_payload,
        sr1_0.message,
        sr1_0.retry_count,
        sr1_0.status,
        sr1_0.order_no,
        sr1_0.requested_at,
        sr1_0.shipment_no,
        sr1_0.warehouse_code 
    from
        shipment_request sr1_0
2026-06-23 13:18:48.797 DEBUG [Test worker] org.hibernate.SQL - 
    delete 
    from
        shipment_request 
    where
        id=?
2026-06-23 13:18:48.798 DEBUG [Test worker] org.hibernate.SQL - 
    select
        sr1_0.id 
    from
        shipment_request sr1_0 
    where
        sr1_0.shipment_no=? 
    fetch
        first ? rows only
2026-06-23 13:18:48.799 DEBUG [Test worker] org.hibernate.SQL - 
    insert 
    into
        shipment_request
        (created_at, update_at, customer_code, customer_name, material_code, material_name, quantity, unit, error_payload, message, retry_count, status, order_no, requested_at, shipment_no, warehouse_code, id) 
    values
        (?, ?, ?, ?, ?, ?, ?, ?, ?, ?, ?, ?, ?, ?, ?, ?, default)
2026-06-23 13:18:48.801 DEBUG [Test worker] org.hibernate.SQL - 
    select
        sr1_0.id,
        sr1_0.created_at,
        sr1_0.update_at,
        sr1_0.customer_code,
        sr1_0.customer_name,
        sr1_0.material_code,
        sr1_0.material_name,
        sr1_0.quantity,
        sr1_0.unit,
        sr1_0.error_payload,
        sr1_0.message,
        sr1_0.retry_count,
        sr1_0.status,
        sr1_0.order_no,
        sr1_0.requested_at,
        sr1_0.shipment_no,
        sr1_0.warehouse_code 
    from
        shipment_request sr1_0
2026-06-23 13:18:48.802 DEBUG [Test worker] org.hibernate.SQL - 
    select
        sr1_0.id,
        sr1_0.created_at,
        sr1_0.update_at,
        sr1_0.customer_code,
        sr1_0.customer_name,
        sr1_0.material_code,
        sr1_0.material_name,
        sr1_0.quantity,
        sr1_0.unit,
        sr1_0.error_payload,
        sr1_0.message,
        sr1_0.retry_count,
        sr1_0.status,
        sr1_0.order_no,
        sr1_0.requested_at,
        sr1_0.shipment_no,
        sr1_0.warehouse_code 
    from
        shipment_request sr1_0 
    where
        sr1_0.id=?
2026-06-23 13:18:48.804 DEBUG [Test worker] org.hibernate.SQL - 
    update
        shipment_request 
    set
        created_at=?,
        update_at=?,
        customer_code=?,
        customer_name=?,
        material_code=?,
        material_name=?,
        quantity=?,
        unit=?,
        error_payload=?,
        message=?,
        retry_count=?,
        status=?,
        order_no=?,
        requested_at=?,
        shipment_no=?,
        warehouse_code=? 
    where
        id=?
2026-06-23 13:18:48.805 DEBUG [Test worker] org.hibernate.SQL - 
    select
        sr1_0.id,
        sr1_0.created_at,
        sr1_0.update_at,
        sr1_0.customer_code,
        sr1_0.customer_name,
        sr1_0.material_code,
        sr1_0.material_name,
        sr1_0.quantity,
        sr1_0.unit,
        sr1_0.error_payload,
        sr1_0.message,
        sr1_0.retry_count,
        sr1_0.status,
        sr1_0.order_no,
        sr1_0.requested_at,
        sr1_0.shipment_no,
        sr1_0.warehouse_code 
    from
        shipment_request sr1_0 
    where
        sr1_0.id=?
2026-06-23 13:18:48.806 DEBUG [Test worker] org.hibernate.SQL - 
    update
        shipment_request 
    set
        created_at=?,
        update_at=?,
        customer_code=?,
        customer_name=?,
        material_code=?,
        material_name=?,
        quantity=?,
        unit=?,
        error_payload=?,
        message=?,
        retry_count=?,
        status=?,
        order_no=?,
        requested_at=?,
        shipment_no=?,
        warehouse_code=? 
    where
        id=?
2026-06-23 13:18:48.808 DEBUG [Test worker] org.hibernate.SQL - 
    select
        sr1_0.id,
        sr1_0.created_at,
        sr1_0.update_at,
        sr1_0.customer_code,
        sr1_0.customer_name,
        sr1_0.material_code,
        sr1_0.material_name,
        sr1_0.quantity,
        sr1_0.unit,
        sr1_0.error_payload,
        sr1_0.message,
        sr1_0.retry_count,
        sr1_0.status,
        sr1_0.order_no,
        sr1_0.requested_at,
        sr1_0.shipment_no,
        sr1_0.warehouse_code 
    from
        shipment_request sr1_0 
    where
        sr1_0.id=?
2026-06-23 13:18:48.808 DEBUG [Test worker] org.hibernate.SQL - 
    select
        sr1_0.id,
        sr1_0.created_at,
        sr1_0.update_at,
        sr1_0.customer_code,
        sr1_0.customer_name,
        sr1_0.material_code,
        sr1_0.material_name,
        sr1_0.quantity,
        sr1_0.unit,
        sr1_0.error_payload,
        sr1_0.message,
        sr1_0.retry_count,
        sr1_0.status,
        sr1_0.order_no,
        sr1_0.requested_at,
        sr1_0.shipment_no,
        sr1_0.warehouse_code 
    from
        shipment_request sr1_0 
    where
        sr1_0.id=?
2026-06-23 13:18:48.812 DEBUG [Test worker] org.hibernate.SQL - 
    select
        sr1_0.id,
        sr1_0.created_at,
        sr1_0.update_at,
        sr1_0.customer_code,
        sr1_0.customer_name,
        sr1_0.material_code,
        sr1_0.material_name,
        sr1_0.quantity,
        sr1_0.unit,
        sr1_0.error_payload,
        sr1_0.message,
        sr1_0.retry_count,
        sr1_0.status,
        sr1_0.order_no,
        sr1_0.requested_at,
        sr1_0.shipment_no,
        sr1_0.warehouse_code 
    from
        shipment_request sr1_0
2026-06-23 13:18:48.815 DEBUG [Test worker] org.hibernate.SQL - 
    delete 
    from
        shipment_request 
    where
        id=?
2026-06-23 13:18:48.816 DEBUG [Test worker] org.hibernate.SQL - 
    select
        sr1_0.id 
    from
        shipment_request sr1_0 
    where
        sr1_0.shipment_no=? 
    fetch
        first ? rows only
2026-06-23 13:18:48.817 DEBUG [Test worker] org.hibernate.SQL - 
    insert 
    into
        shipment_request
        (created_at, update_at, customer_code, customer_name, material_code, material_name, quantity, unit, error_payload, message, retry_count, status, order_no, requested_at, shipment_no, warehouse_code, id) 
    values
        (?, ?, ?, ?, ?, ?, ?, ?, ?, ?, ?, ?, ?, ?, ?, ?, default)
2026-06-23 13:18:48.818 DEBUG [Test worker] org.hibernate.SQL - 
    select
        sr1_0.id,
        sr1_0.created_at,
        sr1_0.update_at,
        sr1_0.customer_code,
        sr1_0.customer_name,
        sr1_0.material_code,
        sr1_0.material_name,
        sr1_0.quantity,
        sr1_0.unit,
        sr1_0.error_payload,
        sr1_0.message,
        sr1_0.retry_count,
        sr1_0.status,
        sr1_0.order_no,
        sr1_0.requested_at,
        sr1_0.shipment_no,
        sr1_0.warehouse_code 
    from
        shipment_request sr1_0
2026-06-23 13:18:48.819 DEBUG [Test worker] org.hibernate.SQL - 
    select
        sr1_0.id,
        sr1_0.created_at,
        sr1_0.update_at,
        sr1_0.customer_code,
        sr1_0.customer_name,
        sr1_0.material_code,
        sr1_0.material_name,
        sr1_0.quantity,
        sr1_0.unit,
        sr1_0.error_payload,
        sr1_0.message,
        sr1_0.retry_count,
        sr1_0.status,
        sr1_0.order_no,
        sr1_0.requested_at,
        sr1_0.shipment_no,
        sr1_0.warehouse_code 
    from
        shipment_request sr1_0 
    where
        sr1_0.id=?
2026-06-23 13:18:48.820 DEBUG [Test worker] org.hibernate.SQL - 
    update
        shipment_request 
    set
        created_at=?,
        update_at=?,
        customer_code=?,
        customer_name=?,
        material_code=?,
        material_name=?,
        quantity=?,
        unit=?,
        error_payload=?,
        message=?,
        retry_count=?,
        status=?,
        order_no=?,
        requested_at=?,
        shipment_no=?,
        warehouse_code=? 
    where
        id=?
2026-06-23 13:18:48.821 DEBUG [Test worker] org.hibernate.SQL - 
    select
        sr1_0.id,
        sr1_0.created_at,
        sr1_0.update_at,
        sr1_0.customer_code,
        sr1_0.customer_name,
        sr1_0.material_code,
        sr1_0.material_name,
        sr1_0.quantity,
        sr1_0.unit,
        sr1_0.error_payload,
        sr1_0.message,
        sr1_0.retry_count,
        sr1_0.status,
        sr1_0.order_no,
        sr1_0.requested_at,
        sr1_0.shipment_no,
        sr1_0.warehouse_code 
    from
        shipment_request sr1_0 
    where
        sr1_0.id=?
2026-06-23 13:18:48.831 DEBUG [SpringApplicationShutdownHook] org.hibernate.SQL - 
    drop table if exists shipment_request cascade 
2026-06-23 13:18:48.838 DEBUG [SpringApplicationShutdownHook] org.hibernate.SQL - 
    drop table if exists shipment_request cascade 
2026-06-23 13:23:19.690 DEBUG [scheduling-1] org.hibernate.SQL - 
    select
        sr1_0.id,
        sr1_0.created_at,
        sr1_0.update_at,
        sr1_0.customer_code,
        sr1_0.customer_name,
        sr1_0.material_code,
        sr1_0.material_name,
        sr1_0.quantity,
        sr1_0.unit,
        sr1_0.error_payload,
        sr1_0.message,
        sr1_0.retry_count,
        sr1_0.status,
        sr1_0.order_no,
        sr1_0.requested_at,
        sr1_0.shipment_no,
        sr1_0.warehouse_code 
    from
        shipment_request sr1_0 
    where
        sr1_0.status=?
2026-06-23 13:24:07.130 DEBUG [http-nio-8080-exec-1] org.hibernate.SQL - 
    select
        sr1_0.id,
        sr1_0.created_at,
        sr1_0.update_at,
        sr1_0.customer_code,
        sr1_0.customer_name,
        sr1_0.material_code,
        sr1_0.material_name,
        sr1_0.quantity,
        sr1_0.unit,
        sr1_0.error_payload,
        sr1_0.message,
        sr1_0.retry_count,
        sr1_0.status,
        sr1_0.order_no,
        sr1_0.requested_at,
        sr1_0.shipment_no,
        sr1_0.warehouse_code 
    from
        shipment_request sr1_0
2026-06-23 13:25:17.482 DEBUG [http-nio-8080-exec-8] org.hibernate.SQL - 
    select
        sr1_0.id,
        sr1_0.created_at,
        sr1_0.update_at,
        sr1_0.customer_code,
        sr1_0.customer_name,
        sr1_0.material_code,
        sr1_0.material_name,
        sr1_0.quantity,
        sr1_0.unit,
        sr1_0.error_payload,
        sr1_0.message,
        sr1_0.retry_count,
        sr1_0.status,
        sr1_0.order_no,
        sr1_0.requested_at,
        sr1_0.shipment_no,
        sr1_0.warehouse_code 
    from
        shipment_request sr1_0
2026-06-23 13:25:21.314 DEBUG [http-nio-8080-exec-10] org.hibernate.SQL - 
    select
        sr1_0.id,
        sr1_0.created_at,
        sr1_0.update_at,
        sr1_0.customer_code,
        sr1_0.customer_name,
        sr1_0.material_code,
        sr1_0.material_name,
        sr1_0.quantity,
        sr1_0.unit,
        sr1_0.error_payload,
        sr1_0.message,
        sr1_0.retry_count,
        sr1_0.status,
        sr1_0.order_no,
        sr1_0.requested_at,
        sr1_0.shipment_no,
        sr1_0.warehouse_code 
    from
        shipment_request sr1_0 
    where
        sr1_0.id=?
2026-06-23 13:25:22.887 DEBUG [http-nio-8080-exec-1] org.hibernate.SQL - 
    select
        sr1_0.id,
        sr1_0.created_at,
        sr1_0.update_at,
        sr1_0.customer_code,
        sr1_0.customer_name,
        sr1_0.material_code,
        sr1_0.material_name,
        sr1_0.quantity,
        sr1_0.unit,
        sr1_0.error_payload,
        sr1_0.message,
        sr1_0.retry_count,
        sr1_0.status,
        sr1_0.order_no,
        sr1_0.requested_at,
        sr1_0.shipment_no,
        sr1_0.warehouse_code 
    from
        shipment_request sr1_0 
    where
        sr1_0.id=?
2026-06-23 13:25:22.909 DEBUG [http-nio-8080-exec-1] org.hibernate.SQL - 
    update
        shipment_request 
    set
        created_at=?,
        update_at=?,
        customer_code=?,
        customer_name=?,
        material_code=?,
        material_name=?,
        quantity=?,
        unit=?,
        error_payload=?,
        message=?,
        retry_count=?,
        status=?,
        order_no=?,
        requested_at=?,
        shipment_no=?,
        warehouse_code=? 
    where
        id=?
2026-06-23 13:25:22.925 DEBUG [http-nio-8080-exec-2] org.hibernate.SQL - 
    select
        sr1_0.id,
        sr1_0.created_at,
        sr1_0.update_at,
        sr1_0.customer_code,
        sr1_0.customer_name,
        sr1_0.material_code,
        sr1_0.material_name,
        sr1_0.quantity,
        sr1_0.unit,
        sr1_0.error_payload,
        sr1_0.message,
        sr1_0.retry_count,
        sr1_0.status,
        sr1_0.order_no,
        sr1_0.requested_at,
        sr1_0.shipment_no,
        sr1_0.warehouse_code 
    from
        shipment_request sr1_0
2026-06-23 13:25:22.933 DEBUG [http-nio-8080-exec-3] org.hibernate.SQL - 
    select
        sr1_0.id,
        sr1_0.created_at,
        sr1_0.update_at,
        sr1_0.customer_code,
        sr1_0.customer_name,
        sr1_0.material_code,
        sr1_0.material_name,
        sr1_0.quantity,
        sr1_0.unit,
        sr1_0.error_payload,
        sr1_0.message,
        sr1_0.retry_count,
        sr1_0.status,
        sr1_0.order_no,
        sr1_0.requested_at,
        sr1_0.shipment_no,
        sr1_0.warehouse_code 
    from
        shipment_request sr1_0 
    where
        sr1_0.id=?
2026-06-23 13:25:27.938 DEBUG [http-nio-8080-exec-5] org.hibernate.SQL - 
    select
        sr1_0.id 
    from
        shipment_request sr1_0 
    where
        sr1_0.shipment_no=? 
    fetch
        first ? rows only
2026-06-23 13:25:27.944 DEBUG [http-nio-8080-exec-5] org.hibernate.SQL - 
    insert 
    into
        shipment_request
        (created_at, update_at, customer_code, customer_name, material_code, material_name, quantity, unit, error_payload, message, retry_count, status, order_no, requested_at, shipment_no, warehouse_code, id) 
    values
        (?, ?, ?, ?, ?, ?, ?, ?, ?, ?, ?, ?, ?, ?, ?, ?, default)
2026-06-23 13:25:27.980 DEBUG [http-nio-8080-exec-6] org.hibernate.SQL - 
    select
        sr1_0.id 
    from
        shipment_request sr1_0 
    where
        sr1_0.shipment_no=? 
    fetch
        first ? rows only
2026-06-23 13:25:27.981 DEBUG [http-nio-8080-exec-6] org.hibernate.SQL - 
    insert 
    into
        shipment_request
        (created_at, update_at, customer_code, customer_name, material_code, material_name, quantity, unit, error_payload, message, retry_count, status, order_no, requested_at, shipment_no, warehouse_code, id) 
    values
        (?, ?, ?, ?, ?, ?, ?, ?, ?, ?, ?, ?, ?, ?, ?, ?, default)
2026-06-23 13:25:35.855 DEBUG [http-nio-8080-exec-7] org.hibernate.SQL - 
    select
        sr1_0.id,
        sr1_0.created_at,
        sr1_0.update_at,
        sr1_0.customer_code,
        sr1_0.customer_name,
        sr1_0.material_code,
        sr1_0.material_name,
        sr1_0.quantity,
        sr1_0.unit,
        sr1_0.error_payload,
        sr1_0.message,
        sr1_0.retry_count,
        sr1_0.status,
        sr1_0.order_no,
        sr1_0.requested_at,
        sr1_0.shipment_no,
        sr1_0.warehouse_code 
    from
        shipment_request sr1_0
2026-06-23 13:25:38.043 DEBUG [http-nio-8080-exec-10] org.hibernate.SQL - 
    select
        sr1_0.id,
        sr1_0.created_at,
        sr1_0.update_at,
        sr1_0.customer_code,
        sr1_0.customer_name,
        sr1_0.material_code,
        sr1_0.material_name,
        sr1_0.quantity,
        sr1_0.unit,
        sr1_0.error_payload,
        sr1_0.message,
        sr1_0.retry_count,
        sr1_0.status,
        sr1_0.order_no,
        sr1_0.requested_at,
        sr1_0.shipment_no,
        sr1_0.warehouse_code 
    from
        shipment_request sr1_0
2026-06-23 13:26:17.687 DEBUG [http-nio-8080-exec-1] org.hibernate.SQL - 
    select
        sr1_0.id,
        sr1_0.created_at,
        sr1_0.update_at,
        sr1_0.customer_code,
        sr1_0.customer_name,
        sr1_0.material_code,
        sr1_0.material_name,
        sr1_0.quantity,
        sr1_0.unit,
        sr1_0.error_payload,
        sr1_0.message,
        sr1_0.retry_count,
        sr1_0.status,
        sr1_0.order_no,
        sr1_0.requested_at,
        sr1_0.shipment_no,
        sr1_0.warehouse_code 
    from
        shipment_request sr1_0
2026-06-23 13:27:40.869 DEBUG [http-nio-8080-exec-7] org.hibernate.SQL - 
    select
        sr1_0.id,
        sr1_0.created_at,
        sr1_0.update_at,
        sr1_0.customer_code,
        sr1_0.customer_name,
        sr1_0.material_code,
        sr1_0.material_name,
        sr1_0.quantity,
        sr1_0.unit,
        sr1_0.error_payload,
        sr1_0.message,
        sr1_0.retry_count,
        sr1_0.status,
        sr1_0.order_no,
        sr1_0.requested_at,
        sr1_0.shipment_no,
        sr1_0.warehouse_code 
    from
        shipment_request sr1_0
2026-06-23 13:28:19.736 DEBUG [scheduling-1] org.hibernate.SQL - 
    select
        sr1_0.id,
        sr1_0.created_at,
        sr1_0.update_at,
        sr1_0.customer_code,
        sr1_0.customer_name,
        sr1_0.material_code,
        sr1_0.material_name,
        sr1_0.quantity,
        sr1_0.unit,
        sr1_0.error_payload,
        sr1_0.message,
        sr1_0.retry_count,
        sr1_0.status,
        sr1_0.order_no,
        sr1_0.requested_at,
        sr1_0.shipment_no,
        sr1_0.warehouse_code 
    from
        shipment_request sr1_0 
    where
        sr1_0.status=?
2026-06-23 13:29:13.078 DEBUG [scheduling-1] org.hibernate.SQL - 
    update
        shipment_request 
    set
        created_at=?,
        update_at=?,
        customer_code=?,
        customer_name=?,
        material_code=?,
        material_name=?,
        quantity=?,
        unit=?,
        error_payload=?,
        message=?,
        retry_count=?,
        status=?,
        order_no=?,
        requested_at=?,
        shipment_no=?,
        warehouse_code=? 
    where
        id=?
2026-06-23 13:29:13.079 DEBUG [scheduling-1] org.hibernate.SQL - 
    update
        shipment_request 
    set
        created_at=?,
        update_at=?,
        customer_code=?,
        customer_name=?,
        material_code=?,
        material_name=?,
        quantity=?,
        unit=?,
        error_payload=?,
        message=?,
        retry_count=?,
        status=?,
        order_no=?,
        requested_at=?,
        shipment_no=?,
        warehouse_code=? 
    where
        id=?
2026-06-23 13:29:16.128 DEBUG [org.springframework.kafka.KafkaListenerEndpointContainer#0-0-C-1] org.hibernate.SQL - 
    select
        sr1_0.id,
        sr1_0.created_at,
        sr1_0.update_at,
        sr1_0.customer_code,
        sr1_0.customer_name,
        sr1_0.material_code,
        sr1_0.material_name,
        sr1_0.quantity,
        sr1_0.unit,
        sr1_0.error_payload,
        sr1_0.message,
        sr1_0.retry_count,
        sr1_0.status,
        sr1_0.order_no,
        sr1_0.requested_at,
        sr1_0.shipment_no,
        sr1_0.warehouse_code 
    from
        shipment_request sr1_0 
    where
        sr1_0.id=?
2026-06-23 13:29:16.130 DEBUG [org.springframework.kafka.KafkaListenerEndpointContainer#0-0-C-1] org.hibernate.SQL - 
    update
        shipment_request 
    set
        created_at=?,
        update_at=?,
        customer_code=?,
        customer_name=?,
        material_code=?,
        material_name=?,
        quantity=?,
        unit=?,
        error_payload=?,
        message=?,
        retry_count=?,
        status=?,
        order_no=?,
        requested_at=?,
        shipment_no=?,
        warehouse_code=? 
    where
        id=?
2026-06-23 13:29:16.131 DEBUG [org.springframework.kafka.KafkaListenerEndpointContainer#0-0-C-1] org.hibernate.SQL - 
    select
        sr1_0.id,
        sr1_0.created_at,
        sr1_0.update_at,
        sr1_0.customer_code,
        sr1_0.customer_name,
        sr1_0.material_code,
        sr1_0.material_name,
        sr1_0.quantity,
        sr1_0.unit,
        sr1_0.error_payload,
        sr1_0.message,
        sr1_0.retry_count,
        sr1_0.status,
        sr1_0.order_no,
        sr1_0.requested_at,
        sr1_0.shipment_no,
        sr1_0.warehouse_code 
    from
        shipment_request sr1_0 
    where
        sr1_0.id=?
2026-06-23 13:29:16.132 DEBUG [org.springframework.kafka.KafkaListenerEndpointContainer#0-0-C-1] org.hibernate.SQL - 
    update
        shipment_request 
    set
        created_at=?,
        update_at=?,
        customer_code=?,
        customer_name=?,
        material_code=?,
        material_name=?,
        quantity=?,
        unit=?,
        error_payload=?,
        message=?,
        retry_count=?,
        status=?,
        order_no=?,
        requested_at=?,
        shipment_no=?,
        warehouse_code=? 
    where
        id=?
2026-06-23 13:29:46.709 DEBUG [http-nio-8080-exec-10] org.hibernate.SQL - 
    select
        sr1_0.id,
        sr1_0.created_at,
        sr1_0.update_at,
        sr1_0.customer_code,
        sr1_0.customer_name,
        sr1_0.material_code,
        sr1_0.material_name,
        sr1_0.quantity,
        sr1_0.unit,
        sr1_0.error_payload,
        sr1_0.message,
        sr1_0.retry_count,
        sr1_0.status,
        sr1_0.order_no,
        sr1_0.requested_at,
        sr1_0.shipment_no,
        sr1_0.warehouse_code 
    from
        shipment_request sr1_0
2026-06-23 13:29:51.487 DEBUG [http-nio-8080-exec-7] org.hibernate.SQL - 
    select
        sr1_0.id,
        sr1_0.created_at,
        sr1_0.update_at,
        sr1_0.customer_code,
        sr1_0.customer_name,
        sr1_0.material_code,
        sr1_0.material_name,
        sr1_0.quantity,
        sr1_0.unit,
        sr1_0.error_payload,
        sr1_0.message,
        sr1_0.retry_count,
        sr1_0.status,
        sr1_0.order_no,
        sr1_0.requested_at,
        sr1_0.shipment_no,
        sr1_0.warehouse_code 
    from
        shipment_request sr1_0
2026-06-23 13:29:53.304 DEBUG [http-nio-8080-exec-8] org.hibernate.SQL - 
    select
        sr1_0.id,
        sr1_0.created_at,
        sr1_0.update_at,
        sr1_0.customer_code,
        sr1_0.customer_name,
        sr1_0.material_code,
        sr1_0.material_name,
        sr1_0.quantity,
        sr1_0.unit,
        sr1_0.error_payload,
        sr1_0.message,
        sr1_0.retry_count,
        sr1_0.status,
        sr1_0.order_no,
        sr1_0.requested_at,
        sr1_0.shipment_no,
        sr1_0.warehouse_code 
    from
        shipment_request sr1_0 
    where
        sr1_0.id=?
2026-06-23 13:29:55.322 DEBUG [http-nio-8080-exec-9] org.hibernate.SQL - 
    select
        sr1_0.id,
        sr1_0.created_at,
        sr1_0.update_at,
        sr1_0.customer_code,
        sr1_0.customer_name,
        sr1_0.material_code,
        sr1_0.material_name,
        sr1_0.quantity,
        sr1_0.unit,
        sr1_0.error_payload,
        sr1_0.message,
        sr1_0.retry_count,
        sr1_0.status,
        sr1_0.order_no,
        sr1_0.requested_at,
        sr1_0.shipment_no,
        sr1_0.warehouse_code 
    from
        shipment_request sr1_0 
    where
        sr1_0.id=?
2026-06-23 13:31:50.827 DEBUG [http-nio-8080-exec-9] org.hibernate.SQL - 
    select
        sr1_0.id,
        sr1_0.created_at,
        sr1_0.update_at,
        sr1_0.customer_code,
        sr1_0.customer_name,
        sr1_0.material_code,
        sr1_0.material_name,
        sr1_0.quantity,
        sr1_0.unit,
        sr1_0.error_payload,
        sr1_0.message,
        sr1_0.retry_count,
        sr1_0.status,
        sr1_0.order_no,
        sr1_0.requested_at,
        sr1_0.shipment_no,
        sr1_0.warehouse_code 
    from
        shipment_request sr1_0
2026-06-23 13:31:51.233 DEBUG [http-nio-8080-exec-1] org.hibernate.SQL - 
    select
        sr1_0.id,
        sr1_0.created_at,
        sr1_0.update_at,
        sr1_0.customer_code,
        sr1_0.customer_name,
        sr1_0.material_code,
        sr1_0.material_name,
        sr1_0.quantity,
        sr1_0.unit,
        sr1_0.error_payload,
        sr1_0.message,
        sr1_0.retry_count,
        sr1_0.status,
        sr1_0.order_no,
        sr1_0.requested_at,
        sr1_0.shipment_no,
        sr1_0.warehouse_code 
    from
        shipment_request sr1_0
2026-06-23 13:31:51.510 DEBUG [http-nio-8080-exec-3] org.hibernate.SQL - 
    select
        sr1_0.id,
        sr1_0.created_at,
        sr1_0.update_at,
        sr1_0.customer_code,
        sr1_0.customer_name,
        sr1_0.material_code,
        sr1_0.material_name,
        sr1_0.quantity,
        sr1_0.unit,
        sr1_0.error_payload,
        sr1_0.message,
        sr1_0.retry_count,
        sr1_0.status,
        sr1_0.order_no,
        sr1_0.requested_at,
        sr1_0.shipment_no,
        sr1_0.warehouse_code 
    from
        shipment_request sr1_0
2026-06-23 13:32:57.933 DEBUG [http-nio-8080-exec-8] org.hibernate.SQL - 
    select
        sr1_0.id 
    from
        shipment_request sr1_0 
    where
        sr1_0.shipment_no=? 
    fetch
        first ? rows only
2026-06-23 13:32:57.934 DEBUG [http-nio-8080-exec-8] org.hibernate.SQL - 
    insert 
    into
        shipment_request
        (created_at, update_at, customer_code, customer_name, material_code, material_name, quantity, unit, error_payload, message, retry_count, status, order_no, requested_at, shipment_no, warehouse_code, id) 
    values
        (?, ?, ?, ?, ?, ?, ?, ?, ?, ?, ?, ?, ?, ?, ?, ?, default)
2026-06-23 13:32:57.960 DEBUG [http-nio-8080-exec-9] org.hibernate.SQL - 
    select
        sr1_0.id 
    from
        shipment_request sr1_0 
    where
        sr1_0.shipment_no=? 
    fetch
        first ? rows only
2026-06-23 13:32:57.961 DEBUG [http-nio-8080-exec-9] org.hibernate.SQL - 
    insert 
    into
        shipment_request
        (created_at, update_at, customer_code, customer_name, material_code, material_name, quantity, unit, error_payload, message, retry_count, status, order_no, requested_at, shipment_no, warehouse_code, id) 
    values
        (?, ?, ?, ?, ?, ?, ?, ?, ?, ?, ?, ?, ?, ?, ?, ?, default)
2026-06-23 13:32:57.966 DEBUG [http-nio-8080-exec-10] org.hibernate.SQL - 
    select
        sr1_0.id 
    from
        shipment_request sr1_0 
    where
        sr1_0.shipment_no=? 
    fetch
        first ? rows only
2026-06-23 13:32:57.967 DEBUG [http-nio-8080-exec-10] org.hibernate.SQL - 
    insert 
    into
        shipment_request
        (created_at, update_at, customer_code, customer_name, material_code, material_name, quantity, unit, error_payload, message, retry_count, status, order_no, requested_at, shipment_no, warehouse_code, id) 
    values
        (?, ?, ?, ?, ?, ?, ?, ?, ?, ?, ?, ?, ?, ?, ?, ?, default)
2026-06-23 13:32:57.971 DEBUG [http-nio-8080-exec-1] org.hibernate.SQL - 
    select
        sr1_0.id 
    from
        shipment_request sr1_0 
    where
        sr1_0.shipment_no=? 
    fetch
        first ? rows only
2026-06-23 13:32:57.971 DEBUG [http-nio-8080-exec-1] org.hibernate.SQL - 
    insert 
    into
        shipment_request
        (created_at, update_at, customer_code, customer_name, material_code, material_name, quantity, unit, error_payload, message, retry_count, status, order_no, requested_at, shipment_no, warehouse_code, id) 
    values
        (?, ?, ?, ?, ?, ?, ?, ?, ?, ?, ?, ?, ?, ?, ?, ?, default)
2026-06-23 13:32:57.975 DEBUG [http-nio-8080-exec-2] org.hibernate.SQL - 
    select
        sr1_0.id 
    from
        shipment_request sr1_0 
    where
        sr1_0.shipment_no=? 
    fetch
        first ? rows only
2026-06-23 13:32:57.976 DEBUG [http-nio-8080-exec-2] org.hibernate.SQL - 
    insert 
    into
        shipment_request
        (created_at, update_at, customer_code, customer_name, material_code, material_name, quantity, unit, error_payload, message, retry_count, status, order_no, requested_at, shipment_no, warehouse_code, id) 
    values
        (?, ?, ?, ?, ?, ?, ?, ?, ?, ?, ?, ?, ?, ?, ?, ?, default)
2026-06-23 13:32:57.979 DEBUG [http-nio-8080-exec-3] org.hibernate.SQL - 
    select
        sr1_0.id 
    from
        shipment_request sr1_0 
    where
        sr1_0.shipment_no=? 
    fetch
        first ? rows only
2026-06-23 13:32:57.981 DEBUG [http-nio-8080-exec-3] org.hibernate.SQL - 
    insert 
    into
        shipment_request
        (created_at, update_at, customer_code, customer_name, material_code, material_name, quantity, unit, error_payload, message, retry_count, status, order_no, requested_at, shipment_no, warehouse_code, id) 
    values
        (?, ?, ?, ?, ?, ?, ?, ?, ?, ?, ?, ?, ?, ?, ?, ?, default)
2026-06-23 13:32:57.989 DEBUG [http-nio-8080-exec-4] org.hibernate.SQL - 
    select
        sr1_0.id 
    from
        shipment_request sr1_0 
    where
        sr1_0.shipment_no=? 
    fetch
        first ? rows only
2026-06-23 13:32:57.990 DEBUG [http-nio-8080-exec-4] org.hibernate.SQL - 
    insert 
    into
        shipment_request
        (created_at, update_at, customer_code, customer_name, material_code, material_name, quantity, unit, error_payload, message, retry_count, status, order_no, requested_at, shipment_no, warehouse_code, id) 
    values
        (?, ?, ?, ?, ?, ?, ?, ?, ?, ?, ?, ?, ?, ?, ?, ?, default)
2026-06-23 13:32:57.994 DEBUG [http-nio-8080-exec-6] org.hibernate.SQL - 
    select
        sr1_0.id 
    from
        shipment_request sr1_0 
    where
        sr1_0.shipment_no=? 
    fetch
        first ? rows only
2026-06-23 13:32:57.995 DEBUG [http-nio-8080-exec-6] org.hibernate.SQL - 
    insert 
    into
        shipment_request
        (created_at, update_at, customer_code, customer_name, material_code, material_name, quantity, unit, error_payload, message, retry_count, status, order_no, requested_at, shipment_no, warehouse_code, id) 
    values
        (?, ?, ?, ?, ?, ?, ?, ?, ?, ?, ?, ?, ?, ?, ?, ?, default)
2026-06-23 13:32:57.998 DEBUG [http-nio-8080-exec-7] org.hibernate.SQL - 
    select
        sr1_0.id 
    from
        shipment_request sr1_0 
    where
        sr1_0.shipment_no=? 
    fetch
        first ? rows only
2026-06-23 13:32:57.999 DEBUG [http-nio-8080-exec-7] org.hibernate.SQL - 
    insert 
    into
        shipment_request
        (created_at, update_at, customer_code, customer_name, material_code, material_name, quantity, unit, error_payload, message, retry_count, status, order_no, requested_at, shipment_no, warehouse_code, id) 
    values
        (?, ?, ?, ?, ?, ?, ?, ?, ?, ?, ?, ?, ?, ?, ?, ?, default)
2026-06-23 13:32:58.003 DEBUG [http-nio-8080-exec-5] org.hibernate.SQL - 
    select
        sr1_0.id 
    from
        shipment_request sr1_0 
    where
        sr1_0.shipment_no=? 
    fetch
        first ? rows only
2026-06-23 13:32:58.004 DEBUG [http-nio-8080-exec-5] org.hibernate.SQL - 
    insert 
    into
        shipment_request
        (created_at, update_at, customer_code, customer_name, material_code, material_name, quantity, unit, error_payload, message, retry_count, status, order_no, requested_at, shipment_no, warehouse_code, id) 
    values
        (?, ?, ?, ?, ?, ?, ?, ?, ?, ?, ?, ?, ?, ?, ?, ?, default)
2026-06-23 13:32:58.009 DEBUG [http-nio-8080-exec-8] org.hibernate.SQL - 
    select
        sr1_0.id 
    from
        shipment_request sr1_0 
    where
        sr1_0.shipment_no=? 
    fetch
        first ? rows only
2026-06-23 13:32:58.010 DEBUG [http-nio-8080-exec-8] org.hibernate.SQL - 
    insert 
    into
        shipment_request
        (created_at, update_at, customer_code, customer_name, material_code, material_name, quantity, unit, error_payload, message, retry_count, status, order_no, requested_at, shipment_no, warehouse_code, id) 
    values
        (?, ?, ?, ?, ?, ?, ?, ?, ?, ?, ?, ?, ?, ?, ?, ?, default)
2026-06-23 13:32:58.014 DEBUG [http-nio-8080-exec-9] org.hibernate.SQL - 
    select
        sr1_0.id 
    from
        shipment_request sr1_0 
    where
        sr1_0.shipment_no=? 
    fetch
        first ? rows only
2026-06-23 13:32:58.014 DEBUG [http-nio-8080-exec-9] org.hibernate.SQL - 
    insert 
    into
        shipment_request
        (created_at, update_at, customer_code, customer_name, material_code, material_name, quantity, unit, error_payload, message, retry_count, status, order_no, requested_at, shipment_no, warehouse_code, id) 
    values
        (?, ?, ?, ?, ?, ?, ?, ?, ?, ?, ?, ?, ?, ?, ?, ?, default)
2026-06-23 13:32:58.018 DEBUG [http-nio-8080-exec-10] org.hibernate.SQL - 
    select
        sr1_0.id 
    from
        shipment_request sr1_0 
    where
        sr1_0.shipment_no=? 
    fetch
        first ? rows only
2026-06-23 13:32:58.019 DEBUG [http-nio-8080-exec-10] org.hibernate.SQL - 
    insert 
    into
        shipment_request
        (created_at, update_at, customer_code, customer_name, material_code, material_name, quantity, unit, error_payload, message, retry_count, status, order_no, requested_at, shipment_no, warehouse_code, id) 
    values
        (?, ?, ?, ?, ?, ?, ?, ?, ?, ?, ?, ?, ?, ?, ?, ?, default)
2026-06-23 13:32:58.023 DEBUG [http-nio-8080-exec-1] org.hibernate.SQL - 
    select
        sr1_0.id 
    from
        shipment_request sr1_0 
    where
        sr1_0.shipment_no=? 
    fetch
        first ? rows only
2026-06-23 13:32:58.024 DEBUG [http-nio-8080-exec-1] org.hibernate.SQL - 
    insert 
    into
        shipment_request
        (created_at, update_at, customer_code, customer_name, material_code, material_name, quantity, unit, error_payload, message, retry_count, status, order_no, requested_at, shipment_no, warehouse_code, id) 
    values
        (?, ?, ?, ?, ?, ?, ?, ?, ?, ?, ?, ?, ?, ?, ?, ?, default)
2026-06-23 13:32:58.029 DEBUG [http-nio-8080-exec-2] org.hibernate.SQL - 
    select
        sr1_0.id 
    from
        shipment_request sr1_0 
    where
        sr1_0.shipment_no=? 
    fetch
        first ? rows only
2026-06-23 13:32:58.029 DEBUG [http-nio-8080-exec-2] org.hibernate.SQL - 
    insert 
    into
        shipment_request
        (created_at, update_at, customer_code, customer_name, material_code, material_name, quantity, unit, error_payload, message, retry_count, status, order_no, requested_at, shipment_no, warehouse_code, id) 
    values
        (?, ?, ?, ?, ?, ?, ?, ?, ?, ?, ?, ?, ?, ?, ?, ?, default)
2026-06-23 13:32:58.033 DEBUG [http-nio-8080-exec-3] org.hibernate.SQL - 
    select
        sr1_0.id 
    from
        shipment_request sr1_0 
    where
        sr1_0.shipment_no=? 
    fetch
        first ? rows only
2026-06-23 13:32:58.034 DEBUG [http-nio-8080-exec-3] org.hibernate.SQL - 
    insert 
    into
        shipment_request
        (created_at, update_at, customer_code, customer_name, material_code, material_name, quantity, unit, error_payload, message, retry_count, status, order_no, requested_at, shipment_no, warehouse_code, id) 
    values
        (?, ?, ?, ?, ?, ?, ?, ?, ?, ?, ?, ?, ?, ?, ?, ?, default)
2026-06-23 13:32:58.038 DEBUG [http-nio-8080-exec-4] org.hibernate.SQL - 
    select
        sr1_0.id 
    from
        shipment_request sr1_0 
    where
        sr1_0.shipment_no=? 
    fetch
        first ? rows only
2026-06-23 13:32:58.039 DEBUG [http-nio-8080-exec-4] org.hibernate.SQL - 
    insert 
    into
        shipment_request
        (created_at, update_at, customer_code, customer_name, material_code, material_name, quantity, unit, error_payload, message, retry_count, status, order_no, requested_at, shipment_no, warehouse_code, id) 
    values
        (?, ?, ?, ?, ?, ?, ?, ?, ?, ?, ?, ?, ?, ?, ?, ?, default)
2026-06-23 13:32:58.043 DEBUG [http-nio-8080-exec-6] org.hibernate.SQL - 
    select
        sr1_0.id 
    from
        shipment_request sr1_0 
    where
        sr1_0.shipment_no=? 
    fetch
        first ? rows only
2026-06-23 13:32:58.044 DEBUG [http-nio-8080-exec-6] org.hibernate.SQL - 
    insert 
    into
        shipment_request
        (created_at, update_at, customer_code, customer_name, material_code, material_name, quantity, unit, error_payload, message, retry_count, status, order_no, requested_at, shipment_no, warehouse_code, id) 
    values
        (?, ?, ?, ?, ?, ?, ?, ?, ?, ?, ?, ?, ?, ?, ?, ?, default)
2026-06-23 13:32:58.056 DEBUG [http-nio-8080-exec-7] org.hibernate.SQL - 
    select
        sr1_0.id 
    from
        shipment_request sr1_0 
    where
        sr1_0.shipment_no=? 
    fetch
        first ? rows only
2026-06-23 13:32:58.059 DEBUG [http-nio-8080-exec-7] org.hibernate.SQL - 
    insert 
    into
        shipment_request
        (created_at, update_at, customer_code, customer_name, material_code, material_name, quantity, unit, error_payload, message, retry_count, status, order_no, requested_at, shipment_no, warehouse_code, id) 
    values
        (?, ?, ?, ?, ?, ?, ?, ?, ?, ?, ?, ?, ?, ?, ?, ?, default)
2026-06-23 13:32:58.064 DEBUG [http-nio-8080-exec-5] org.hibernate.SQL - 
    select
        sr1_0.id 
    from
        shipment_request sr1_0 
    where
        sr1_0.shipment_no=? 
    fetch
        first ? rows only
2026-06-23 13:32:58.065 DEBUG [http-nio-8080-exec-5] org.hibernate.SQL - 
    insert 
    into
        shipment_request
        (created_at, update_at, customer_code, customer_name, material_code, material_name, quantity, unit, error_payload, message, retry_count, status, order_no, requested_at, shipment_no, warehouse_code, id) 
    values
        (?, ?, ?, ?, ?, ?, ?, ?, ?, ?, ?, ?, ?, ?, ?, ?, default)
2026-06-23 13:33:07.840 DEBUG [http-nio-8080-exec-9] org.hibernate.SQL - 
    select
        sr1_0.id,
        sr1_0.created_at,
        sr1_0.update_at,
        sr1_0.customer_code,
        sr1_0.customer_name,
        sr1_0.material_code,
        sr1_0.material_name,
        sr1_0.quantity,
        sr1_0.unit,
        sr1_0.error_payload,
        sr1_0.message,
        sr1_0.retry_count,
        sr1_0.status,
        sr1_0.order_no,
        sr1_0.requested_at,
        sr1_0.shipment_no,
        sr1_0.warehouse_code 
    from
        shipment_request sr1_0
2026-06-23 13:33:38.093 DEBUG [http-nio-8080-exec-7] org.hibernate.SQL - 
    select
        sr1_0.id,
        sr1_0.created_at,
        sr1_0.update_at,
        sr1_0.customer_code,
        sr1_0.customer_name,
        sr1_0.material_code,
        sr1_0.material_name,
        sr1_0.quantity,
        sr1_0.unit,
        sr1_0.error_payload,
        sr1_0.message,
        sr1_0.retry_count,
        sr1_0.status,
        sr1_0.order_no,
        sr1_0.requested_at,
        sr1_0.shipment_no,
        sr1_0.warehouse_code 
    from
        shipment_request sr1_0
2026-06-23 13:33:38.762 DEBUG [http-nio-8080-exec-8] org.hibernate.SQL - 
    select
        sr1_0.id,
        sr1_0.created_at,
        sr1_0.update_at,
        sr1_0.customer_code,
        sr1_0.customer_name,
        sr1_0.material_code,
        sr1_0.material_name,
        sr1_0.quantity,
        sr1_0.unit,
        sr1_0.error_payload,
        sr1_0.message,
        sr1_0.retry_count,
        sr1_0.status,
        sr1_0.order_no,
        sr1_0.requested_at,
        sr1_0.shipment_no,
        sr1_0.warehouse_code 
    from
        shipment_request sr1_0
2026-06-23 13:33:39.199 DEBUG [http-nio-8080-exec-10] org.hibernate.SQL - 
    select
        sr1_0.id,
        sr1_0.created_at,
        sr1_0.update_at,
        sr1_0.customer_code,
        sr1_0.customer_name,
        sr1_0.material_code,
        sr1_0.material_name,
        sr1_0.quantity,
        sr1_0.unit,
        sr1_0.error_payload,
        sr1_0.message,
        sr1_0.retry_count,
        sr1_0.status,
        sr1_0.order_no,
        sr1_0.requested_at,
        sr1_0.shipment_no,
        sr1_0.warehouse_code 
    from
        shipment_request sr1_0
2026-06-23 13:34:13.083 DEBUG [scheduling-1] org.hibernate.SQL - 
    select
        sr1_0.id,
        sr1_0.created_at,
        sr1_0.update_at,
        sr1_0.customer_code,
        sr1_0.customer_name,
        sr1_0.material_code,
        sr1_0.material_name,
        sr1_0.quantity,
        sr1_0.unit,
        sr1_0.error_payload,
        sr1_0.message,
        sr1_0.retry_count,
        sr1_0.status,
        sr1_0.order_no,
        sr1_0.requested_at,
        sr1_0.shipment_no,
        sr1_0.warehouse_code 
    from
        shipment_request sr1_0 
    where
        sr1_0.status=?
2026-06-23 13:34:13.095 DEBUG [org.springframework.kafka.KafkaListenerEndpointContainer#0-0-C-1] org.hibernate.SQL - 
    select
        sr1_0.id,
        sr1_0.created_at,
        sr1_0.update_at,
        sr1_0.customer_code,
        sr1_0.customer_name,
        sr1_0.material_code,
        sr1_0.material_name,
        sr1_0.quantity,
        sr1_0.unit,
        sr1_0.error_payload,
        sr1_0.message,
        sr1_0.retry_count,
        sr1_0.status,
        sr1_0.order_no,
        sr1_0.requested_at,
        sr1_0.shipment_no,
        sr1_0.warehouse_code 
    from
        shipment_request sr1_0 
    where
        sr1_0.id=?
2026-06-23 13:34:13.099 DEBUG [scheduling-1] org.hibernate.SQL - 
    update
        shipment_request 
    set
        created_at=?,
        update_at=?,
        customer_code=?,
        customer_name=?,
        material_code=?,
        material_name=?,
        quantity=?,
        unit=?,
        error_payload=?,
        message=?,
        retry_count=?,
        status=?,
        order_no=?,
        requested_at=?,
        shipment_no=?,
        warehouse_code=? 
    where
        id=?
2026-06-23 13:34:13.100 DEBUG [scheduling-1] org.hibernate.SQL - 
    update
        shipment_request 
    set
        created_at=?,
        update_at=?,
        customer_code=?,
        customer_name=?,
        material_code=?,
        material_name=?,
        quantity=?,
        unit=?,
        error_payload=?,
        message=?,
        retry_count=?,
        status=?,
        order_no=?,
        requested_at=?,
        shipment_no=?,
        warehouse_code=? 
    where
        id=?
2026-06-23 13:34:13.100 DEBUG [org.springframework.kafka.KafkaListenerEndpointContainer#0-0-C-1] org.hibernate.SQL - 
    update
        shipment_request 
    set
        created_at=?,
        update_at=?,
        customer_code=?,
        customer_name=?,
        material_code=?,
        material_name=?,
        quantity=?,
        unit=?,
        error_payload=?,
        message=?,
        retry_count=?,
        status=?,
        order_no=?,
        requested_at=?,
        shipment_no=?,
        warehouse_code=? 
    where
        id=?
2026-06-23 13:34:13.100 DEBUG [scheduling-1] org.hibernate.SQL - 
    update
        shipment_request 
    set
        created_at=?,
        update_at=?,
        customer_code=?,
        customer_name=?,
        material_code=?,
        material_name=?,
        quantity=?,
        unit=?,
        error_payload=?,
        message=?,
        retry_count=?,
        status=?,
        order_no=?,
        requested_at=?,
        shipment_no=?,
        warehouse_code=? 
    where
        id=?
2026-06-23 13:34:13.101 DEBUG [scheduling-1] org.hibernate.SQL - 
    update
        shipment_request 
    set
        created_at=?,
        update_at=?,
        customer_code=?,
        customer_name=?,
        material_code=?,
        material_name=?,
        quantity=?,
        unit=?,
        error_payload=?,
        message=?,
        retry_count=?,
        status=?,
        order_no=?,
        requested_at=?,
        shipment_no=?,
        warehouse_code=? 
    where
        id=?
2026-06-23 13:34:13.101 DEBUG [scheduling-1] org.hibernate.SQL - 
    update
        shipment_request 
    set
        created_at=?,
        update_at=?,
        customer_code=?,
        customer_name=?,
        material_code=?,
        material_name=?,
        quantity=?,
        unit=?,
        error_payload=?,
        message=?,
        retry_count=?,
        status=?,
        order_no=?,
        requested_at=?,
        shipment_no=?,
        warehouse_code=? 
    where
        id=?
2026-06-23 13:34:13.102 DEBUG [scheduling-1] org.hibernate.SQL - 
    update
        shipment_request 
    set
        created_at=?,
        update_at=?,
        customer_code=?,
        customer_name=?,
        material_code=?,
        material_name=?,
        quantity=?,
        unit=?,
        error_payload=?,
        message=?,
        retry_count=?,
        status=?,
        order_no=?,
        requested_at=?,
        shipment_no=?,
        warehouse_code=? 
    where
        id=?
2026-06-23 13:34:13.103 DEBUG [scheduling-1] org.hibernate.SQL - 
    update
        shipment_request 
    set
        created_at=?,
        update_at=?,
        customer_code=?,
        customer_name=?,
        material_code=?,
        material_name=?,
        quantity=?,
        unit=?,
        error_payload=?,
        message=?,
        retry_count=?,
        status=?,
        order_no=?,
        requested_at=?,
        shipment_no=?,
        warehouse_code=? 
    where
        id=?
2026-06-23 13:34:13.103 DEBUG [scheduling-1] org.hibernate.SQL - 
    update
        shipment_request 
    set
        created_at=?,
        update_at=?,
        customer_code=?,
        customer_name=?,
        material_code=?,
        material_name=?,
        quantity=?,
        unit=?,
        error_payload=?,
        message=?,
        retry_count=?,
        status=?,
        order_no=?,
        requested_at=?,
        shipment_no=?,
        warehouse_code=? 
    where
        id=?
2026-06-23 13:34:13.103 DEBUG [scheduling-1] org.hibernate.SQL - 
    update
        shipment_request 
    set
        created_at=?,
        update_at=?,
        customer_code=?,
        customer_name=?,
        material_code=?,
        material_name=?,
        quantity=?,
        unit=?,
        error_payload=?,
        message=?,
        retry_count=?,
        status=?,
        order_no=?,
        requested_at=?,
        shipment_no=?,
        warehouse_code=? 
    where
        id=?
2026-06-23 13:34:13.104 DEBUG [scheduling-1] org.hibernate.SQL - 
    update
        shipment_request 
    set
        created_at=?,
        update_at=?,
        customer_code=?,
        customer_name=?,
        material_code=?,
        material_name=?,
        quantity=?,
        unit=?,
        error_payload=?,
        message=?,
        retry_count=?,
        status=?,
        order_no=?,
        requested_at=?,
        shipment_no=?,
        warehouse_code=? 
    where
        id=?
2026-06-23 13:34:13.104 DEBUG [scheduling-1] org.hibernate.SQL - 
    update
        shipment_request 
    set
        created_at=?,
        update_at=?,
        customer_code=?,
        customer_name=?,
        material_code=?,
        material_name=?,
        quantity=?,
        unit=?,
        error_payload=?,
        message=?,
        retry_count=?,
        status=?,
        order_no=?,
        requested_at=?,
        shipment_no=?,
        warehouse_code=? 
    where
        id=?
2026-06-23 13:34:13.105 DEBUG [scheduling-1] org.hibernate.SQL - 
    update
        shipment_request 
    set
        created_at=?,
        update_at=?,
        customer_code=?,
        customer_name=?,
        material_code=?,
        material_name=?,
        quantity=?,
        unit=?,
        error_payload=?,
        message=?,
        retry_count=?,
        status=?,
        order_no=?,
        requested_at=?,
        shipment_no=?,
        warehouse_code=? 
    where
        id=?
2026-06-23 13:34:13.105 DEBUG [scheduling-1] org.hibernate.SQL - 
    update
        shipment_request 
    set
        created_at=?,
        update_at=?,
        customer_code=?,
        customer_name=?,
        material_code=?,
        material_name=?,
        quantity=?,
        unit=?,
        error_payload=?,
        message=?,
        retry_count=?,
        status=?,
        order_no=?,
        requested_at=?,
        shipment_no=?,
        warehouse_code=? 
    where
        id=?
2026-06-23 13:34:13.105 DEBUG [scheduling-1] org.hibernate.SQL - 
    update
        shipment_request 
    set
        created_at=?,
        update_at=?,
        customer_code=?,
        customer_name=?,
        material_code=?,
        material_name=?,
        quantity=?,
        unit=?,
        error_payload=?,
        message=?,
        retry_count=?,
        status=?,
        order_no=?,
        requested_at=?,
        shipment_no=?,
        warehouse_code=? 
    where
        id=?
2026-06-23 13:34:13.106 DEBUG [scheduling-1] org.hibernate.SQL - 
    update
        shipment_request 
    set
        created_at=?,
        update_at=?,
        customer_code=?,
        customer_name=?,
        material_code=?,
        material_name=?,
        quantity=?,
        unit=?,
        error_payload=?,
        message=?,
        retry_count=?,
        status=?,
        order_no=?,
        requested_at=?,
        shipment_no=?,
        warehouse_code=? 
    where
        id=?
2026-06-23 13:34:13.106 DEBUG [scheduling-1] org.hibernate.SQL - 
    update
        shipment_request 
    set
        created_at=?,
        update_at=?,
        customer_code=?,
        customer_name=?,
        material_code=?,
        material_name=?,
        quantity=?,
        unit=?,
        error_payload=?,
        message=?,
        retry_count=?,
        status=?,
        order_no=?,
        requested_at=?,
        shipment_no=?,
        warehouse_code=? 
    where
        id=?
2026-06-23 13:34:13.106 DEBUG [scheduling-1] org.hibernate.SQL - 
    update
        shipment_request 
    set
        created_at=?,
        update_at=?,
        customer_code=?,
        customer_name=?,
        material_code=?,
        material_name=?,
        quantity=?,
        unit=?,
        error_payload=?,
        message=?,
        retry_count=?,
        status=?,
        order_no=?,
        requested_at=?,
        shipment_no=?,
        warehouse_code=? 
    where
        id=?
2026-06-23 13:34:13.106 DEBUG [scheduling-1] org.hibernate.SQL - 
    update
        shipment_request 
    set
        created_at=?,
        update_at=?,
        customer_code=?,
        customer_name=?,
        material_code=?,
        material_name=?,
        quantity=?,
        unit=?,
        error_payload=?,
        message=?,
        retry_count=?,
        status=?,
        order_no=?,
        requested_at=?,
        shipment_no=?,
        warehouse_code=? 
    where
        id=?
2026-06-23 13:34:13.107 DEBUG [scheduling-1] org.hibernate.SQL - 
    update
        shipment_request 
    set
        created_at=?,
        update_at=?,
        customer_code=?,
        customer_name=?,
        material_code=?,
        material_name=?,
        quantity=?,
        unit=?,
        error_payload=?,
        message=?,
        retry_count=?,
        status=?,
        order_no=?,
        requested_at=?,
        shipment_no=?,
        warehouse_code=? 
    where
        id=?
2026-06-23 13:34:13.107 DEBUG [scheduling-1] org.hibernate.SQL - 
    update
        shipment_request 
    set
        created_at=?,
        update_at=?,
        customer_code=?,
        customer_name=?,
        material_code=?,
        material_name=?,
        quantity=?,
        unit=?,
        error_payload=?,
        message=?,
        retry_count=?,
        status=?,
        order_no=?,
        requested_at=?,
        shipment_no=?,
        warehouse_code=? 
    where
        id=?
2026-06-23 13:34:13.109 DEBUG [org.springframework.kafka.KafkaListenerEndpointContainer#0-0-C-1] org.hibernate.SQL - 
    select
        sr1_0.id,
        sr1_0.created_at,
        sr1_0.update_at,
        sr1_0.customer_code,
        sr1_0.customer_name,
        sr1_0.material_code,
        sr1_0.material_name,
        sr1_0.quantity,
        sr1_0.unit,
        sr1_0.error_payload,
        sr1_0.message,
        sr1_0.retry_count,
        sr1_0.status,
        sr1_0.order_no,
        sr1_0.requested_at,
        sr1_0.shipment_no,
        sr1_0.warehouse_code 
    from
        shipment_request sr1_0 
    where
        sr1_0.id=?
2026-06-23 13:34:13.110 DEBUG [org.springframework.kafka.KafkaListenerEndpointContainer#0-0-C-1] org.hibernate.SQL - 
    update
        shipment_request 
    set
        created_at=?,
        update_at=?,
        customer_code=?,
        customer_name=?,
        material_code=?,
        material_name=?,
        quantity=?,
        unit=?,
        error_payload=?,
        message=?,
        retry_count=?,
        status=?,
        order_no=?,
        requested_at=?,
        shipment_no=?,
        warehouse_code=? 
    where
        id=?
2026-06-23 13:34:13.110 DEBUG [org.springframework.kafka.KafkaListenerEndpointContainer#0-0-C-1] org.hibernate.SQL - 
    select
        sr1_0.id,
        sr1_0.created_at,
        sr1_0.update_at,
        sr1_0.customer_code,
        sr1_0.customer_name,
        sr1_0.material_code,
        sr1_0.material_name,
        sr1_0.quantity,
        sr1_0.unit,
        sr1_0.error_payload,
        sr1_0.message,
        sr1_0.retry_count,
        sr1_0.status,
        sr1_0.order_no,
        sr1_0.requested_at,
        sr1_0.shipment_no,
        sr1_0.warehouse_code 
    from
        shipment_request sr1_0 
    where
        sr1_0.id=?
2026-06-23 13:34:13.112 DEBUG [org.springframework.kafka.KafkaListenerEndpointContainer#0-0-C-1] org.hibernate.SQL - 
    update
        shipment_request 
    set
        created_at=?,
        update_at=?,
        customer_code=?,
        customer_name=?,
        material_code=?,
        material_name=?,
        quantity=?,
        unit=?,
        error_payload=?,
        message=?,
        retry_count=?,
        status=?,
        order_no=?,
        requested_at=?,
        shipment_no=?,
        warehouse_code=? 
    where
        id=?
2026-06-23 13:34:13.117 DEBUG [org.springframework.kafka.KafkaListenerEndpointContainer#0-0-C-1] org.hibernate.SQL - 
    select
        sr1_0.id,
        sr1_0.created_at,
        sr1_0.update_at,
        sr1_0.customer_code,
        sr1_0.customer_name,
        sr1_0.material_code,
        sr1_0.material_name,
        sr1_0.quantity,
        sr1_0.unit,
        sr1_0.error_payload,
        sr1_0.message,
        sr1_0.retry_count,
        sr1_0.status,
        sr1_0.order_no,
        sr1_0.requested_at,
        sr1_0.shipment_no,
        sr1_0.warehouse_code 
    from
        shipment_request sr1_0 
    where
        sr1_0.id=?
2026-06-23 13:34:13.119 DEBUG [org.springframework.kafka.KafkaListenerEndpointContainer#0-0-C-1] org.hibernate.SQL - 
    update
        shipment_request 
    set
        created_at=?,
        update_at=?,
        customer_code=?,
        customer_name=?,
        material_code=?,
        material_name=?,
        quantity=?,
        unit=?,
        error_payload=?,
        message=?,
        retry_count=?,
        status=?,
        order_no=?,
        requested_at=?,
        shipment_no=?,
        warehouse_code=? 
    where
        id=?
2026-06-23 13:34:13.120 DEBUG [org.springframework.kafka.KafkaListenerEndpointContainer#0-0-C-1] org.hibernate.SQL - 
    select
        sr1_0.id,
        sr1_0.created_at,
        sr1_0.update_at,
        sr1_0.customer_code,
        sr1_0.customer_name,
        sr1_0.material_code,
        sr1_0.material_name,
        sr1_0.quantity,
        sr1_0.unit,
        sr1_0.error_payload,
        sr1_0.message,
        sr1_0.retry_count,
        sr1_0.status,
        sr1_0.order_no,
        sr1_0.requested_at,
        sr1_0.shipment_no,
        sr1_0.warehouse_code 
    from
        shipment_request sr1_0 
    where
        sr1_0.id=?
2026-06-23 13:34:13.120 DEBUG [org.springframework.kafka.KafkaListenerEndpointContainer#0-0-C-1] org.hibernate.SQL - 
    update
        shipment_request 
    set
        created_at=?,
        update_at=?,
        customer_code=?,
        customer_name=?,
        material_code=?,
        material_name=?,
        quantity=?,
        unit=?,
        error_payload=?,
        message=?,
        retry_count=?,
        status=?,
        order_no=?,
        requested_at=?,
        shipment_no=?,
        warehouse_code=? 
    where
        id=?
2026-06-23 13:34:13.121 DEBUG [org.springframework.kafka.KafkaListenerEndpointContainer#0-0-C-1] org.hibernate.SQL - 
    select
        sr1_0.id,
        sr1_0.created_at,
        sr1_0.update_at,
        sr1_0.customer_code,
        sr1_0.customer_name,
        sr1_0.material_code,
        sr1_0.material_name,
        sr1_0.quantity,
        sr1_0.unit,
        sr1_0.error_payload,
        sr1_0.message,
        sr1_0.retry_count,
        sr1_0.status,
        sr1_0.order_no,
        sr1_0.requested_at,
        sr1_0.shipment_no,
        sr1_0.warehouse_code 
    from
        shipment_request sr1_0 
    where
        sr1_0.id=?
2026-06-23 13:34:13.122 DEBUG [org.springframework.kafka.KafkaListenerEndpointContainer#0-0-C-1] org.hibernate.SQL - 
    update
        shipment_request 
    set
        created_at=?,
        update_at=?,
        customer_code=?,
        customer_name=?,
        material_code=?,
        material_name=?,
        quantity=?,
        unit=?,
        error_payload=?,
        message=?,
        retry_count=?,
        status=?,
        order_no=?,
        requested_at=?,
        shipment_no=?,
        warehouse_code=? 
    where
        id=?
2026-06-23 13:34:13.123 DEBUG [org.springframework.kafka.KafkaListenerEndpointContainer#0-0-C-1] org.hibernate.SQL - 
    select
        sr1_0.id,
        sr1_0.created_at,
        sr1_0.update_at,
        sr1_0.customer_code,
        sr1_0.customer_name,
        sr1_0.material_code,
        sr1_0.material_name,
        sr1_0.quantity,
        sr1_0.unit,
        sr1_0.error_payload,
        sr1_0.message,
        sr1_0.retry_count,
        sr1_0.status,
        sr1_0.order_no,
        sr1_0.requested_at,
        sr1_0.shipment_no,
        sr1_0.warehouse_code 
    from
        shipment_request sr1_0 
    where
        sr1_0.id=?
2026-06-23 13:34:13.123 DEBUG [org.springframework.kafka.KafkaListenerEndpointContainer#0-0-C-1] org.hibernate.SQL - 
    update
        shipment_request 
    set
        created_at=?,
        update_at=?,
        customer_code=?,
        customer_name=?,
        material_code=?,
        material_name=?,
        quantity=?,
        unit=?,
        error_payload=?,
        message=?,
        retry_count=?,
        status=?,
        order_no=?,
        requested_at=?,
        shipment_no=?,
        warehouse_code=? 
    where
        id=?
2026-06-23 13:34:13.124 DEBUG [org.springframework.kafka.KafkaListenerEndpointContainer#0-0-C-1] org.hibernate.SQL - 
    select
        sr1_0.id,
        sr1_0.created_at,
        sr1_0.update_at,
        sr1_0.customer_code,
        sr1_0.customer_name,
        sr1_0.material_code,
        sr1_0.material_name,
        sr1_0.quantity,
        sr1_0.unit,
        sr1_0.error_payload,
        sr1_0.message,
        sr1_0.retry_count,
        sr1_0.status,
        sr1_0.order_no,
        sr1_0.requested_at,
        sr1_0.shipment_no,
        sr1_0.warehouse_code 
    from
        shipment_request sr1_0 
    where
        sr1_0.id=?
2026-06-23 13:34:13.124 DEBUG [org.springframework.kafka.KafkaListenerEndpointContainer#0-0-C-1] org.hibernate.SQL - 
    update
        shipment_request 
    set
        created_at=?,
        update_at=?,
        customer_code=?,
        customer_name=?,
        material_code=?,
        material_name=?,
        quantity=?,
        unit=?,
        error_payload=?,
        message=?,
        retry_count=?,
        status=?,
        order_no=?,
        requested_at=?,
        shipment_no=?,
        warehouse_code=? 
    where
        id=?
2026-06-23 13:34:13.125 DEBUG [org.springframework.kafka.KafkaListenerEndpointContainer#0-0-C-1] org.hibernate.SQL - 
    select
        sr1_0.id,
        sr1_0.created_at,
        sr1_0.update_at,
        sr1_0.customer_code,
        sr1_0.customer_name,
        sr1_0.material_code,
        sr1_0.material_name,
        sr1_0.quantity,
        sr1_0.unit,
        sr1_0.error_payload,
        sr1_0.message,
        sr1_0.retry_count,
        sr1_0.status,
        sr1_0.order_no,
        sr1_0.requested_at,
        sr1_0.shipment_no,
        sr1_0.warehouse_code 
    from
        shipment_request sr1_0 
    where
        sr1_0.id=?
2026-06-23 13:34:13.125 DEBUG [org.springframework.kafka.KafkaListenerEndpointContainer#0-0-C-1] org.hibernate.SQL - 
    update
        shipment_request 
    set
        created_at=?,
        update_at=?,
        customer_code=?,
        customer_name=?,
        material_code=?,
        material_name=?,
        quantity=?,
        unit=?,
        error_payload=?,
        message=?,
        retry_count=?,
        status=?,
        order_no=?,
        requested_at=?,
        shipment_no=?,
        warehouse_code=? 
    where
        id=?
2026-06-23 13:34:13.126 DEBUG [org.springframework.kafka.KafkaListenerEndpointContainer#0-0-C-1] org.hibernate.SQL - 
    select
        sr1_0.id,
        sr1_0.created_at,
        sr1_0.update_at,
        sr1_0.customer_code,
        sr1_0.customer_name,
        sr1_0.material_code,
        sr1_0.material_name,
        sr1_0.quantity,
        sr1_0.unit,
        sr1_0.error_payload,
        sr1_0.message,
        sr1_0.retry_count,
        sr1_0.status,
        sr1_0.order_no,
        sr1_0.requested_at,
        sr1_0.shipment_no,
        sr1_0.warehouse_code 
    from
        shipment_request sr1_0 
    where
        sr1_0.id=?
2026-06-23 13:34:13.127 DEBUG [org.springframework.kafka.KafkaListenerEndpointContainer#0-0-C-1] org.hibernate.SQL - 
    update
        shipment_request 
    set
        created_at=?,
        update_at=?,
        customer_code=?,
        customer_name=?,
        material_code=?,
        material_name=?,
        quantity=?,
        unit=?,
        error_payload=?,
        message=?,
        retry_count=?,
        status=?,
        order_no=?,
        requested_at=?,
        shipment_no=?,
        warehouse_code=? 
    where
        id=?
2026-06-23 13:34:13.127 DEBUG [org.springframework.kafka.KafkaListenerEndpointContainer#0-0-C-1] org.hibernate.SQL - 
    select
        sr1_0.id,
        sr1_0.created_at,
        sr1_0.update_at,
        sr1_0.customer_code,
        sr1_0.customer_name,
        sr1_0.material_code,
        sr1_0.material_name,
        sr1_0.quantity,
        sr1_0.unit,
        sr1_0.error_payload,
        sr1_0.message,
        sr1_0.retry_count,
        sr1_0.status,
        sr1_0.order_no,
        sr1_0.requested_at,
        sr1_0.shipment_no,
        sr1_0.warehouse_code 
    from
        shipment_request sr1_0 
    where
        sr1_0.id=?
2026-06-23 13:34:13.128 DEBUG [org.springframework.kafka.KafkaListenerEndpointContainer#0-0-C-1] org.hibernate.SQL - 
    update
        shipment_request 
    set
        created_at=?,
        update_at=?,
        customer_code=?,
        customer_name=?,
        material_code=?,
        material_name=?,
        quantity=?,
        unit=?,
        error_payload=?,
        message=?,
        retry_count=?,
        status=?,
        order_no=?,
        requested_at=?,
        shipment_no=?,
        warehouse_code=? 
    where
        id=?
2026-06-23 13:34:13.129 DEBUG [org.springframework.kafka.KafkaListenerEndpointContainer#0-0-C-1] org.hibernate.SQL - 
    select
        sr1_0.id,
        sr1_0.created_at,
        sr1_0.update_at,
        sr1_0.customer_code,
        sr1_0.customer_name,
        sr1_0.material_code,
        sr1_0.material_name,
        sr1_0.quantity,
        sr1_0.unit,
        sr1_0.error_payload,
        sr1_0.message,
        sr1_0.retry_count,
        sr1_0.status,
        sr1_0.order_no,
        sr1_0.requested_at,
        sr1_0.shipment_no,
        sr1_0.warehouse_code 
    from
        shipment_request sr1_0 
    where
        sr1_0.id=?
2026-06-23 13:34:13.129 DEBUG [org.springframework.kafka.KafkaListenerEndpointContainer#0-0-C-1] org.hibernate.SQL - 
    update
        shipment_request 
    set
        created_at=?,
        update_at=?,
        customer_code=?,
        customer_name=?,
        material_code=?,
        material_name=?,
        quantity=?,
        unit=?,
        error_payload=?,
        message=?,
        retry_count=?,
        status=?,
        order_no=?,
        requested_at=?,
        shipment_no=?,
        warehouse_code=? 
    where
        id=?
2026-06-23 13:34:13.130 DEBUG [org.springframework.kafka.KafkaListenerEndpointContainer#0-0-C-1] org.hibernate.SQL - 
    select
        sr1_0.id,
        sr1_0.created_at,
        sr1_0.update_at,
        sr1_0.customer_code,
        sr1_0.customer_name,
        sr1_0.material_code,
        sr1_0.material_name,
        sr1_0.quantity,
        sr1_0.unit,
        sr1_0.error_payload,
        sr1_0.message,
        sr1_0.retry_count,
        sr1_0.status,
        sr1_0.order_no,
        sr1_0.requested_at,
        sr1_0.shipment_no,
        sr1_0.warehouse_code 
    from
        shipment_request sr1_0 
    where
        sr1_0.id=?
2026-06-23 13:34:13.130 DEBUG [org.springframework.kafka.KafkaListenerEndpointContainer#0-0-C-1] org.hibernate.SQL - 
    update
        shipment_request 
    set
        created_at=?,
        update_at=?,
        customer_code=?,
        customer_name=?,
        material_code=?,
        material_name=?,
        quantity=?,
        unit=?,
        error_payload=?,
        message=?,
        retry_count=?,
        status=?,
        order_no=?,
        requested_at=?,
        shipment_no=?,
        warehouse_code=? 
    where
        id=?
2026-06-23 13:34:13.132 DEBUG [org.springframework.kafka.KafkaListenerEndpointContainer#0-0-C-1] org.hibernate.SQL - 
    select
        sr1_0.id,
        sr1_0.created_at,
        sr1_0.update_at,
        sr1_0.customer_code,
        sr1_0.customer_name,
        sr1_0.material_code,
        sr1_0.material_name,
        sr1_0.quantity,
        sr1_0.unit,
        sr1_0.error_payload,
        sr1_0.message,
        sr1_0.retry_count,
        sr1_0.status,
        sr1_0.order_no,
        sr1_0.requested_at,
        sr1_0.shipment_no,
        sr1_0.warehouse_code 
    from
        shipment_request sr1_0 
    where
        sr1_0.id=?
2026-06-23 13:34:13.132 DEBUG [org.springframework.kafka.KafkaListenerEndpointContainer#0-0-C-1] org.hibernate.SQL - 
    update
        shipment_request 
    set
        created_at=?,
        update_at=?,
        customer_code=?,
        customer_name=?,
        material_code=?,
        material_name=?,
        quantity=?,
        unit=?,
        error_payload=?,
        message=?,
        retry_count=?,
        status=?,
        order_no=?,
        requested_at=?,
        shipment_no=?,
        warehouse_code=? 
    where
        id=?
2026-06-23 13:34:13.133 DEBUG [org.springframework.kafka.KafkaListenerEndpointContainer#0-0-C-1] org.hibernate.SQL - 
    select
        sr1_0.id,
        sr1_0.created_at,
        sr1_0.update_at,
        sr1_0.customer_code,
        sr1_0.customer_name,
        sr1_0.material_code,
        sr1_0.material_name,
        sr1_0.quantity,
        sr1_0.unit,
        sr1_0.error_payload,
        sr1_0.message,
        sr1_0.retry_count,
        sr1_0.status,
        sr1_0.order_no,
        sr1_0.requested_at,
        sr1_0.shipment_no,
        sr1_0.warehouse_code 
    from
        shipment_request sr1_0 
    where
        sr1_0.id=?
2026-06-23 13:34:13.134 DEBUG [org.springframework.kafka.KafkaListenerEndpointContainer#0-0-C-1] org.hibernate.SQL - 
    update
        shipment_request 
    set
        created_at=?,
        update_at=?,
        customer_code=?,
        customer_name=?,
        material_code=?,
        material_name=?,
        quantity=?,
        unit=?,
        error_payload=?,
        message=?,
        retry_count=?,
        status=?,
        order_no=?,
        requested_at=?,
        shipment_no=?,
        warehouse_code=? 
    where
        id=?
2026-06-23 13:34:13.139 DEBUG [org.springframework.kafka.KafkaListenerEndpointContainer#0-0-C-1] org.hibernate.SQL - 
    select
        sr1_0.id,
        sr1_0.created_at,
        sr1_0.update_at,
        sr1_0.customer_code,
        sr1_0.customer_name,
        sr1_0.material_code,
        sr1_0.material_name,
        sr1_0.quantity,
        sr1_0.unit,
        sr1_0.error_payload,
        sr1_0.message,
        sr1_0.retry_count,
        sr1_0.status,
        sr1_0.order_no,
        sr1_0.requested_at,
        sr1_0.shipment_no,
        sr1_0.warehouse_code 
    from
        shipment_request sr1_0 
    where
        sr1_0.id=?
2026-06-23 13:34:13.140 DEBUG [org.springframework.kafka.KafkaListenerEndpointContainer#0-0-C-1] org.hibernate.SQL - 
    update
        shipment_request 
    set
        created_at=?,
        update_at=?,
        customer_code=?,
        customer_name=?,
        material_code=?,
        material_name=?,
        quantity=?,
        unit=?,
        error_payload=?,
        message=?,
        retry_count=?,
        status=?,
        order_no=?,
        requested_at=?,
        shipment_no=?,
        warehouse_code=? 
    where
        id=?
2026-06-23 13:34:13.141 DEBUG [org.springframework.kafka.KafkaListenerEndpointContainer#0-0-C-1] org.hibernate.SQL - 
    select
        sr1_0.id,
        sr1_0.created_at,
        sr1_0.update_at,
        sr1_0.customer_code,
        sr1_0.customer_name,
        sr1_0.material_code,
        sr1_0.material_name,
        sr1_0.quantity,
        sr1_0.unit,
        sr1_0.error_payload,
        sr1_0.message,
        sr1_0.retry_count,
        sr1_0.status,
        sr1_0.order_no,
        sr1_0.requested_at,
        sr1_0.shipment_no,
        sr1_0.warehouse_code 
    from
        shipment_request sr1_0 
    where
        sr1_0.id=?
2026-06-23 13:34:13.142 DEBUG [org.springframework.kafka.KafkaListenerEndpointContainer#0-0-C-1] org.hibernate.SQL - 
    update
        shipment_request 
    set
        created_at=?,
        update_at=?,
        customer_code=?,
        customer_name=?,
        material_code=?,
        material_name=?,
        quantity=?,
        unit=?,
        error_payload=?,
        message=?,
        retry_count=?,
        status=?,
        order_no=?,
        requested_at=?,
        shipment_no=?,
        warehouse_code=? 
    where
        id=?
2026-06-23 13:34:13.142 DEBUG [org.springframework.kafka.KafkaListenerEndpointContainer#0-0-C-1] org.hibernate.SQL - 
    select
        sr1_0.id,
        sr1_0.created_at,
        sr1_0.update_at,
        sr1_0.customer_code,
        sr1_0.customer_name,
        sr1_0.material_code,
        sr1_0.material_name,
        sr1_0.quantity,
        sr1_0.unit,
        sr1_0.error_payload,
        sr1_0.message,
        sr1_0.retry_count,
        sr1_0.status,
        sr1_0.order_no,
        sr1_0.requested_at,
        sr1_0.shipment_no,
        sr1_0.warehouse_code 
    from
        shipment_request sr1_0 
    where
        sr1_0.id=?
2026-06-23 13:34:13.143 DEBUG [org.springframework.kafka.KafkaListenerEndpointContainer#0-0-C-1] org.hibernate.SQL - 
    update
        shipment_request 
    set
        created_at=?,
        update_at=?,
        customer_code=?,
        customer_name=?,
        material_code=?,
        material_name=?,
        quantity=?,
        unit=?,
        error_payload=?,
        message=?,
        retry_count=?,
        status=?,
        order_no=?,
        requested_at=?,
        shipment_no=?,
        warehouse_code=? 
    where
        id=?
2026-06-23 13:34:13.144 DEBUG [org.springframework.kafka.KafkaListenerEndpointContainer#0-0-C-1] org.hibernate.SQL - 
    select
        sr1_0.id,
        sr1_0.created_at,
        sr1_0.update_at,
        sr1_0.customer_code,
        sr1_0.customer_name,
        sr1_0.material_code,
        sr1_0.material_name,
        sr1_0.quantity,
        sr1_0.unit,
        sr1_0.error_payload,
        sr1_0.message,
        sr1_0.retry_count,
        sr1_0.status,
        sr1_0.order_no,
        sr1_0.requested_at,
        sr1_0.shipment_no,
        sr1_0.warehouse_code 
    from
        shipment_request sr1_0 
    where
        sr1_0.id=?
2026-06-23 13:34:13.144 DEBUG [org.springframework.kafka.KafkaListenerEndpointContainer#0-0-C-1] org.hibernate.SQL - 
    update
        shipment_request 
    set
        created_at=?,
        update_at=?,
        customer_code=?,
        customer_name=?,
        material_code=?,
        material_name=?,
        quantity=?,
        unit=?,
        error_payload=?,
        message=?,
        retry_count=?,
        status=?,
        order_no=?,
        requested_at=?,
        shipment_no=?,
        warehouse_code=? 
    where
        id=?
2026-06-23 13:34:13.145 DEBUG [org.springframework.kafka.KafkaListenerEndpointContainer#0-0-C-1] org.hibernate.SQL - 
    select
        sr1_0.id,
        sr1_0.created_at,
        sr1_0.update_at,
        sr1_0.customer_code,
        sr1_0.customer_name,
        sr1_0.material_code,
        sr1_0.material_name,
        sr1_0.quantity,
        sr1_0.unit,
        sr1_0.error_payload,
        sr1_0.message,
        sr1_0.retry_count,
        sr1_0.status,
        sr1_0.order_no,
        sr1_0.requested_at,
        sr1_0.shipment_no,
        sr1_0.warehouse_code 
    from
        shipment_request sr1_0 
    where
        sr1_0.id=?
2026-06-23 13:34:13.145 DEBUG [org.springframework.kafka.KafkaListenerEndpointContainer#0-0-C-1] org.hibernate.SQL - 
    update
        shipment_request 
    set
        created_at=?,
        update_at=?,
        customer_code=?,
        customer_name=?,
        material_code=?,
        material_name=?,
        quantity=?,
        unit=?,
        error_payload=?,
        message=?,
        retry_count=?,
        status=?,
        order_no=?,
        requested_at=?,
        shipment_no=?,
        warehouse_code=? 
    where
        id=?
2026-06-23 13:35:13.288 DEBUG [http-nio-8080-exec-10] org.hibernate.SQL - 
    select
        sr1_0.id,
        sr1_0.created_at,
        sr1_0.update_at,
        sr1_0.customer_code,
        sr1_0.customer_name,
        sr1_0.material_code,
        sr1_0.material_name,
        sr1_0.quantity,
        sr1_0.unit,
        sr1_0.error_payload,
        sr1_0.message,
        sr1_0.retry_count,
        sr1_0.status,
        sr1_0.order_no,
        sr1_0.requested_at,
        sr1_0.shipment_no,
        sr1_0.warehouse_code 
    from
        shipment_request sr1_0
2026-06-23 13:35:14.279 DEBUG [http-nio-8080-exec-3] org.hibernate.SQL - 
    select
        sr1_0.id,
        sr1_0.created_at,
        sr1_0.update_at,
        sr1_0.customer_code,
        sr1_0.customer_name,
        sr1_0.material_code,
        sr1_0.material_name,
        sr1_0.quantity,
        sr1_0.unit,
        sr1_0.error_payload,
        sr1_0.message,
        sr1_0.retry_count,
        sr1_0.status,
        sr1_0.order_no,
        sr1_0.requested_at,
        sr1_0.shipment_no,
        sr1_0.warehouse_code 
    from
        shipment_request sr1_0 
    where
        sr1_0.id=?
2026-06-23 13:35:15.648 DEBUG [http-nio-8080-exec-2] org.hibernate.SQL - 
    select
        sr1_0.id,
        sr1_0.created_at,
        sr1_0.update_at,
        sr1_0.customer_code,
        sr1_0.customer_name,
        sr1_0.material_code,
        sr1_0.material_name,
        sr1_0.quantity,
        sr1_0.unit,
        sr1_0.error_payload,
        sr1_0.message,
        sr1_0.retry_count,
        sr1_0.status,
        sr1_0.order_no,
        sr1_0.requested_at,
        sr1_0.shipment_no,
        sr1_0.warehouse_code 
    from
        shipment_request sr1_0 
    where
        sr1_0.id=?
2026-06-23 13:35:16.309 DEBUG [http-nio-8080-exec-1] org.hibernate.SQL - 
    select
        sr1_0.id,
        sr1_0.created_at,
        sr1_0.update_at,
        sr1_0.customer_code,
        sr1_0.customer_name,
        sr1_0.material_code,
        sr1_0.material_name,
        sr1_0.quantity,
        sr1_0.unit,
        sr1_0.error_payload,
        sr1_0.message,
        sr1_0.retry_count,
        sr1_0.status,
        sr1_0.order_no,
        sr1_0.requested_at,
        sr1_0.shipment_no,
        sr1_0.warehouse_code 
    from
        shipment_request sr1_0 
    where
        sr1_0.id=?
2026-06-23 13:39:13.112 DEBUG [scheduling-1] org.hibernate.SQL - 
    select
        sr1_0.id,
        sr1_0.created_at,
        sr1_0.update_at,
        sr1_0.customer_code,
        sr1_0.customer_name,
        sr1_0.material_code,
        sr1_0.material_name,
        sr1_0.quantity,
        sr1_0.unit,
        sr1_0.error_payload,
        sr1_0.message,
        sr1_0.retry_count,
        sr1_0.status,
        sr1_0.order_no,
        sr1_0.requested_at,
        sr1_0.shipment_no,
        sr1_0.warehouse_code 
    from
        shipment_request sr1_0 
    where
        sr1_0.status=?
2026-06-23 13:44:13.116 DEBUG [scheduling-1] org.hibernate.SQL - 
    select
        sr1_0.id,
        sr1_0.created_at,
        sr1_0.update_at,
        sr1_0.customer_code,
        sr1_0.customer_name,
        sr1_0.material_code,
        sr1_0.material_name,
        sr1_0.quantity,
        sr1_0.unit,
        sr1_0.error_payload,
        sr1_0.message,
        sr1_0.retry_count,
        sr1_0.status,
        sr1_0.order_no,
        sr1_0.requested_at,
        sr1_0.shipment_no,
        sr1_0.warehouse_code 
    from
        shipment_request sr1_0 
    where
        sr1_0.status=?
